team,team_url,n_series,n_matches,n_tournaments,n_tournaments_w_series,update_time
Str8 Rippin,https://liquipedia.net/halo/Str8_Rippin,165,125,64,51,2021-12-30T18:46:42Z
OpTic Gaming,https://liquipedia.net/halo/OpTic_Gaming,139,207,42,38,2021-12-30T18:46:42Z
Evil Geniuses,https://liquipedia.net/halo/Evil_Geniuses,104,117,39,35,2021-12-30T18:46:42Z
Final Boss,https://liquipedia.net/halo/Final_Boss,108,52,34,31,2021-12-30T18:46:42Z
Carbon,,105,80,32,30,2021-12-30T18:46:42Z
Cloud9,https://liquipedia.net/halo/Cloud9,104,192,29,28,2021-12-30T18:46:42Z
Counter Logic Gaming,https://liquipedia.net/halo/Counter_Logic_Gaming,73,131,24,23,2021-12-30T18:46:42Z
eLevate,https://liquipedia.net/halo/ELevate,59,45,24,25,2021-12-30T18:46:42Z
Triggers Down,,82,29,24,23,2021-12-30T18:46:42Z
Instinct,,76,29,23,22,2021-12-30T18:46:42Z
Status Quo,https://liquipedia.net/halo/Status_Quo,66,58,23,20,2021-12-30T18:46:42Z
Team Liquid,https://liquipedia.net/halo/Team_Liquid,57,79,23,19,2021-12-30T18:46:42Z
Splyce,https://liquipedia.net/halo/Splyce,60,66,20,18,2021-12-30T18:46:42Z
Denial Esports,https://liquipedia.net/halo/Denial_eSports,9,30,19,3,2021-12-30T18:46:42Z
Team Infused,https://liquipedia.net/halo/Team_Infused,46,66,19,16,2021-12-30T18:46:42Z
Believe The Hype,,57,26,17,18,2021-12-30T18:46:42Z
Falling Esports,https://liquipedia.net/halo/Falling_Esports,41,29,16,15,2021-12-30T18:46:42Z
Pittsburgh Knights,https://liquipedia.net/halo/Pittsburgh_Knights,74,40,16,15,2021-12-30T18:46:42Z
Supremacy,https://liquipedia.net/halo/Supremacy,29,19,16,10,2021-12-30T18:46:42Z
Fire N Ice Esports,https://liquipedia.net/halo/Fire_N_Ice_Esports,,,15,,2021-12-30T18:46:42Z
Reality Check,,42,17,15,15,2021-12-30T18:46:42Z
Shoot To Kill,,10,3,15,3,2021-12-30T18:46:42Z
Dynasty,,34,,14,12,2021-12-30T18:46:42Z
Team EnVyUs,https://liquipedia.net/halo/Team_EnVyUs,48,108,14,13,2021-12-30T18:46:42Z
Team Reciprocity,https://liquipedia.net/halo/Team_Reciprocity,37,43,14,14,2021-12-30T18:46:42Z
Sentinels,https://liquipedia.net/halo/Sentinels,55,111,13,13,2021-12-30T18:46:42Z
Team Allegiance,https://liquipedia.net/halo/Team_Allegiance,26,36,13,12,2021-12-30T18:46:42Z
Classic,,40,15,12,12,2021-12-30T18:46:42Z
exceL Esports,https://liquipedia.net/halo/ExceL_eSports,,,12,,2021-12-30T18:46:42Z
Inconceivable,,42,71,12,12,2021-12-30T18:46:42Z
Kansas City Pioneers,https://liquipedia.net/halo/Kansas_City_Pioneers,,,12,,2021-12-30T18:46:42Z
Team 3D,https://liquipedia.net/halo/Team_3D,16,18,12,5,2021-12-30T18:46:42Z
Team Immunity,https://liquipedia.net/halo/Team_Immunity,19,14,12,10,2021-12-30T18:46:42Z
Vexed Gaming,https://liquipedia.net/halo/Vexed_Gaming,22,14,12,9,2021-12-30T18:46:42Z
Renegades,https://liquipedia.net/halo/Renegades,25,32,11,10,2021-12-30T18:46:42Z
SkitLite Gaming,,13,,11,8,2021-12-30T18:46:42Z
XiT Woundz,,26,3,11,9,2021-12-30T18:46:42Z
Ambush,,26,,10,9,2021-12-30T18:46:42Z
Legendz,,25,8,10,8,2021-12-30T18:46:42Z
Team Vitality,https://liquipedia.net/halo/Team_Vitality,15,19,10,6,2021-12-30T18:46:42Z
TOX Gaming,https://liquipedia.net/halo/TOX_Gaming,42,63,10,10,2021-12-30T18:46:42Z
Warriors,,23,,10,8,2021-12-30T18:46:42Z
3sUP,https://liquipedia.net/halo/3sUP,,,9,,2021-12-30T18:46:42Z
FAB Games eSports,https://liquipedia.net/halo/FAB_Games_eSports,,,9,,2021-12-30T18:46:42Z
Luminosity Gaming,https://liquipedia.net/halo/Luminosity_Gaming,,,9,,2021-12-30T18:46:42Z
Millenium,,9,12,9,4,2021-12-30T18:46:42Z
Storm Ventures,,19,,9,6,2021-12-30T18:46:42Z
Check Six,,5,,8,2,2021-12-30T18:46:42Z
Mock-It Esports,https://liquipedia.net/halo/Mock-It_Esports,38,44,8,15,2021-12-30T18:46:42Z
Noble Black,,24,31,8,8,2021-12-30T18:46:42Z
Winterfox,https://liquipedia.net/halo/Winterfox,24,26,8,7,2021-12-30T18:46:42Z
Business,,33,21,7,7,2021-12-30T18:46:42Z
Cartel,,38,45,7,7,2021-12-30T18:46:42Z
Epsilon eSports,https://liquipedia.net/halo/Epsilon_eSports,17,41,7,6,2021-12-30T18:46:42Z
eXcellence Gaming,https://liquipedia.net/halo/EXcellence_Gaming,15,14,7,7,2021-12-30T18:46:42Z
Fable eSports,https://liquipedia.net/halo/Fable_eSports,13,14,7,6,2021-12-30T18:46:42Z
Leviathan,,12,2,7,6,2021-12-30T18:46:42Z
LuxGaming Clan,,24,31,7,8,2021-12-30T18:46:42Z
Oxygen Supremacy,https://liquipedia.net/halo/Oxygen_Supremacy,20,12,7,7,2021-12-30T18:46:42Z
PuLse Gaming,https://liquipedia.net/halo/Pulse_Gaming,,,7,,2021-12-30T18:46:42Z
Team Domination,,3,,7,1,2021-12-30T18:46:42Z
Team NextX,,32,4,7,7,2021-12-30T18:46:42Z
The Dream Team,,11,,7,3,2021-12-30T18:46:42Z
VwS Gaming,https://liquipedia.net/halo/VwS_Gaming,19,,7,7,2021-12-30T18:46:42Z
We Know The Secret,,2,,7,1,2021-12-30T18:46:42Z
Enigma6 Group,https://liquipedia.net/halo/Enigma6_Group,13,37,6,5,2021-12-30T18:46:42Z
eRa Eternity,https://liquipedia.net/halo/ERa_Eternity,10,3,6,4,2021-12-30T18:46:42Z
Fatal Ambition,,18,,6,6,2021-12-30T18:46:42Z
Fnatic,https://liquipedia.net/halo/Fnatic,8,,6,3,2021-12-30T18:46:42Z
FootFungas792,,15,20,6,6,2021-12-30T18:46:42Z
French Toast Mafia,,12,,6,5,2021-12-30T18:46:42Z
G2 Esports,https://liquipedia.net/halo/G2_Esports,29,48,6,6,2021-12-30T18:46:42Z
Golden Modem Squad,,17,32,6,6,2021-12-30T18:46:42Z
Hydra Gaming,,12,15,6,5,2021-12-30T18:46:42Z
Infamous,,18,20,6,7,2021-12-30T18:46:42Z
Mock-it Esports,https://liquipedia.net/halo/Mock-It_Esports,,,6,,2021-12-30T18:46:42Z
Nfinite,https://liquipedia.net/halo/Nfinite,17,6,6,6,2021-12-30T18:46:42Z
Shock The World,https://liquipedia.net/halo/Shock_The_World,15,,6,6,2021-12-30T18:46:42Z
Solaris,https://liquipedia.net/halo/Solaris,18,22,6,6,2021-12-30T18:46:42Z
Team Envy,https://liquipedia.net/halo/Team_Envy,23,31,6,8,2021-12-30T18:46:42Z
Team Vibe,https://liquipedia.net/halo/Team_Vibe,10,31,6,4,2021-12-30T18:46:42Z
Void,,31,4,6,6,2021-12-30T18:46:42Z
Wrecking Gaming,,,,6,,2021-12-30T18:46:42Z
5K,,16,10,5,5,2021-12-30T18:46:42Z
Authority,,18,7,5,5,2021-12-30T18:46:42Z
Carnage Gaming,,7,,5,2,2021-12-30T18:46:42Z
Cutting Edge Esports,,,,5,,2021-12-30T18:46:42Z
eUnited,https://liquipedia.net/halo/EUnited,30,71,5,5,2021-12-30T18:46:42Z
FBI The Agency,,,,5,,2021-12-30T18:46:42Z
Flyers,,12,,5,2,2021-12-30T18:46:42Z
Gamers First,https://liquipedia.net/halo/Gamers_First,19,25,5,5,2021-12-30T18:46:42Z
iGameSpot,,4,,5,1,2021-12-30T18:46:42Z
Liquid Swords,,18,13,5,5,2021-12-30T18:46:42Z
Natus Vincere,https://liquipedia.net/halo/Natus_Vincere,31,72,5,5,2021-12-30T18:46:42Z
Nice Like Rice,,12,8,5,4,2021-12-30T18:46:42Z
No Talent,,3,,5,1,2021-12-30T18:46:42Z
NTSC,,1,,5,1,2021-12-30T18:46:42Z
Pnda Gaming,https://liquipedia.net/halo/Pnda_Gaming,11,9,5,5,2021-12-30T18:46:42Z
Psycho Soldiers,,4,6,5,2,2021-12-30T18:46:42Z
Ronin Esports,https://liquipedia.net/halo/Ronin_Esports,10,9,5,3,2021-12-30T18:46:42Z
Solid Gaming,,12,,5,5,2021-12-30T18:46:42Z
TCM Gaming,https://liquipedia.net/halo/TCM_Gaming,10,14,5,3,2021-12-30T18:46:42Z
The Meme Team,,2,,5,1,2021-12-30T18:46:42Z
Trademark Gamers,,7,8,5,2,2021-12-30T18:46:42Z
Virginia Velocity,,25,,5,5,2021-12-30T18:46:42Z
Wise Gaming,https://liquipedia.net/halo/Wise_Gaming,9,4,5,4,2021-12-30T18:46:42Z
Amazing Pickles,,3,,4,1,2021-12-30T18:46:42Z
Astra,,12,21,4,4,2021-12-30T18:46:42Z
BBR,,20,21,4,4,2021-12-30T18:46:42Z
Capital Punishment,,5,,4,2,2021-12-30T18:46:42Z
Catastrophe,,8,,4,4,2021-12-30T18:46:42Z
Chosen Squad,https://liquipedia.net/halo/Chosen_Squad,9,9,4,3,2021-12-30T18:46:42Z
Contagious,,8,,4,4,2021-12-30T18:46:42Z
Crowd Pleasers,,14,35,4,4,2021-12-30T18:46:42Z
Divine Mind,https://liquipedia.net/halo/Divine_Mind,22,35,4,4,2021-12-30T18:46:42Z
Ebenezer Gaming,,9,2,4,4,2021-12-30T18:46:42Z
FBI GamerGraffix,,12,,4,3,2021-12-30T18:46:42Z
Gerbils,,14,,4,4,2021-12-30T18:46:42Z
LeaveNoWitness,https://liquipedia.net/halo/LeaveNoWitness,18,39,4,3,2021-12-30T18:46:42Z
Legendary,,9,8,4,3,2021-12-30T18:46:42Z
Legion Raccoon,,8,6,4,3,2021-12-30T18:46:42Z
MaxiSaucisse,,14,19,4,4,2021-12-30T18:46:42Z
Mindfreak,https://liquipedia.net/halo/Mindfreak,5,,4,3,2021-12-30T18:46:42Z
Most Wanted,,8,,4,4,2021-12-30T18:46:42Z
Narcos,,3,,4,1,2021-12-30T18:46:42Z
Núcleo Artem,,5,,4,1,2021-12-30T18:46:42Z
OnlyGoodOnline,,8,,4,4,2021-12-30T18:46:42Z
Oxygen Esports,https://liquipedia.net/halo/Oxygen_Esports,14,25,4,4,2021-12-30T18:46:42Z
PENTA Sports,https://liquipedia.net/halo/PENTA_Sports,3,,4,2,2021-12-30T18:46:42Z
Pulse Gaming,https://liquipedia.net/halo/Pulse_Gaming,21,32,4,8,2021-12-30T18:46:42Z
Question Reality,,12,26,4,3,2021-12-30T18:46:42Z
Radiant Esports,https://liquipedia.net/halo/Radiant_Esports,8,,4,4,2021-12-30T18:46:42Z
Rebel,,11,,4,4,2021-12-30T18:46:42Z
Spacestation Gaming,https://liquipedia.net/halo/Spacestation_Gaming,,,4,,2021-12-30T18:46:42Z
Talentless,,7,15,4,4,2021-12-30T18:46:42Z
Team Dignitas,,5,13,4,1,2021-12-30T18:46:42Z
Team EnVyUs,https://liquipedia.net/halo/Team_Envy,48,108,4,13,2021-12-30T18:46:42Z
Team Exile5,https://liquipedia.net/halo/Team_Exile5,6,13,4,3,2021-12-30T18:46:42Z
Team iDeaL,,3,,4,1,2021-12-30T18:46:42Z
Team infused,https://liquipedia.net/halo/Team_Infused,,,4,,2021-12-30T18:46:42Z
Team Orbit,,,,4,,2021-12-30T18:46:42Z
Team WaR,https://liquipedia.net/halo/Team_WaR,11,14,4,4,2021-12-30T18:46:42Z
TERA Gaming,,5,,4,4,2021-12-30T18:46:42Z
The Boys,,19,40,4,4,2021-12-30T18:46:42Z
Usual Suspects,,7,,4,4,2021-12-30T18:46:42Z
ViNCO Gaming,https://liquipedia.net/halo/ViNCO_Gaming,11,10,4,3,2021-12-30T18:46:42Z
Viperio Esports,,10,8,4,3,2021-12-30T18:46:42Z
XSET,https://liquipedia.net/halo/XSET,14,33,4,3,2021-12-30T18:46:42Z
Active Rush,,4,,3,2,2021-12-30T18:46:42Z
Annex,,5,11,3,3,2021-12-30T18:46:42Z
Aztek Gaming,,8,,3,3,2021-12-30T18:46:42Z
Berserker Esports,https://liquipedia.net/halo/Berserker_Esports,4,,3,2,2021-12-30T18:46:42Z
BitterSweet,,11,,3,4,2021-12-30T18:46:42Z
BLVKHVND,,8,11,3,4,2021-12-30T18:46:42Z
Cat Boys,,13,2,3,4,2021-12-30T18:46:42Z
Chosen Legacy,,8,9,3,3,2021-12-30T18:46:42Z
CoD Players,,13,29,3,3,2021-12-30T18:46:42Z
Darkest Hour,,9,,3,3,2021-12-30T18:46:42Z
Degenerates,,13,19,3,3,2021-12-30T18:46:42Z
Denial Esports,https://liquipedia.net/halo/Denial_Esports,9,30,3,3,2021-12-30T18:46:42Z
Devote,,8,18,3,3,2021-12-30T18:46:42Z
DidntHearNoBell,,10,21,3,3,2021-12-30T18:46:42Z
Dire Wolves,https://liquipedia.net/halo/Dire_Wolves,21,31,3,3,2021-12-30T18:46:42Z
DOSSERS,,7,14,3,3,2021-12-30T18:46:42Z
Egoed,,7,,3,3,2021-12-30T18:46:42Z
EVL Gaming,,4,3,3,3,2021-12-30T18:46:42Z
Exile Gaming,,,,3,,2021-12-30T18:46:42Z
Extincion,,6,,3,3,2021-12-30T18:46:42Z
Fantom,,12,25,3,3,2021-12-30T18:46:42Z
Fatal Images,,6,,3,3,2021-12-30T18:46:42Z
FBI Icon,,8,12,3,3,2021-12-30T18:46:42Z
Final Form,,7,,3,3,2021-12-30T18:46:42Z
Genios Malvados,,4,,3,1,2021-12-30T18:46:42Z
Heaven and Earth,,7,,3,3,2021-12-30T18:46:42Z
High Force,,,,3,,2021-12-30T18:46:42Z
Hyped Gaming,,7,6,3,3,2021-12-30T18:46:42Z
Improvity HI,,16,35,3,3,2021-12-30T18:46:42Z
InControl,,,,3,,2021-12-30T18:46:42Z
Insane Square,,,,3,,2021-12-30T18:46:42Z
Jacuzzi,,13,27,3,3,2021-12-30T18:46:42Z
Katrina FR,,,,3,,2021-12-30T18:46:42Z
Lies,,6,9,3,3,2021-12-30T18:46:42Z
LowLandLions,,,,3,,2021-12-30T18:46:42Z
MDR 2,,7,,3,3,2021-12-30T18:46:42Z
Myztro Gaming,https://liquipedia.net/halo/Myztro_Gaming,5,15,3,2,2021-12-30T18:46:42Z
Noble Esports,,,,3,,2021-12-30T18:46:42Z
Not Enough GAs,,7,11,3,3,2021-12-30T18:46:42Z
Nuke and Pave,,11,18,3,3,2021-12-30T18:46:42Z
NutriBullet,,18,31,3,3,2021-12-30T18:46:42Z
OEX,,21,58,3,3,2021-12-30T18:46:42Z
Pace Making Pandas,,5,,3,1,2021-12-30T18:46:42Z
Power Gaming,,,,3,,2021-12-30T18:46:42Z
R Rated,,13,10,3,3,2021-12-30T18:46:42Z
Reflex,,11,15,3,3,2021-12-30T18:46:42Z
Seal Team Six,,10,25,3,3,2021-12-30T18:46:42Z
Shook on3 Gaming,,,,3,,2021-12-30T18:46:42Z
SnakedandHeated,,8,20,3,3,2021-12-30T18:46:42Z
Synergy Gaming,,6,,3,1,2021-12-30T18:46:42Z
Team CryptiK,,7,,3,3,2021-12-30T18:46:42Z
Team Domination 2,,,,3,,2021-12-30T18:46:42Z
Team FFA,,5,3,3,1,2021-12-30T18:46:42Z
Team Force,https://liquipedia.net/halo/Team_Force,7,,3,2,2021-12-30T18:46:42Z
Team Mantra,https://liquipedia.net/halo/Team_Mantra,11,,3,3,2021-12-30T18:46:42Z
Team Montage,,,,3,,2021-12-30T18:46:42Z
Team Twisted,,12,27,3,3,2021-12-30T18:46:42Z
The Agency,,6,7,3,2,2021-12-30T18:46:42Z
The Dinosaurs,,4,,3,2,2021-12-30T18:46:42Z
The Unwanted,,8,,3,3,2021-12-30T18:46:42Z
TNT,,20,43,3,3,2021-12-30T18:46:42Z
Trifecta Gaming,,8,,3,3,2021-12-30T18:46:42Z
Ultra Instinct,,9,17,3,4,2021-12-30T18:46:42Z
VANDYL,https://liquipedia.net/halo/VANDYL,6,,3,3,2021-12-30T18:46:42Z
VanguardEscapee,,14,18,3,3,2021-12-30T18:46:42Z
Velocity Esports,,,,3,,2021-12-30T18:46:42Z
XMEN,,7,,3,2,2021-12-30T18:46:42Z
Zotz Gaming,,4,4,3,3,2021-12-30T18:46:42Z
04 Pistons,,6,,2,2,2021-12-30T18:46:42Z
17 RIP,,4,,2,2,2021-12-30T18:46:42Z
AB,,2,,2,1,2021-12-30T18:46:42Z
ABCDE,,7,,2,2,2021-12-30T18:46:42Z
abcdefghijklmno,,8,18,2,2,2021-12-30T18:46:42Z
Aftermath,,5,,2,2,2021-12-30T18:46:42Z
Another Dimension,,4,,2,2,2021-12-30T18:46:42Z
Antigravity,,4,,2,2,2021-12-30T18:46:42Z
Artificial Inte,,12,28,2,3,2021-12-30T18:46:42Z
Aspire eSports,,9,,2,2,2021-12-30T18:46:42Z
Aspyre Entertainment,,,,2,,2021-12-30T18:46:42Z
Australian Rush,,9,,2,2,2021-12-30T18:46:42Z
Avalanche,,2,,2,2,2021-12-30T18:46:42Z
Believe the Hype,,,,2,,2021-12-30T18:46:42Z
Betterville,,4,6,2,3,2021-12-30T18:46:42Z
BH3 Elysium,,,,2,,2021-12-30T18:46:42Z
BH3 NeXuS,,2,,2,1,2021-12-30T18:46:42Z
Brute Force,,8,6,2,2,2021-12-30T18:46:42Z
Built By Gamers,https://liquipedia.net/halo/Built_By_Gamers,6,11,2,2,2021-12-30T18:46:42Z
Cellular Oasis,,3,,2,1,2021-12-30T18:46:42Z
Chicago Nightpack,,6,,2,1,2021-12-30T18:46:42Z
Cintanegra,,17,38,2,4,2021-12-30T18:46:42Z
CintaNegra X,,7,11,2,3,2021-12-30T18:46:42Z
Citadel Gaming,,2,,2,1,2021-12-30T18:46:42Z
Clown Squad,,5,12,2,2,2021-12-30T18:46:42Z
Complexity Gaming,https://liquipedia.net/halo/Complexity_Gaming,2,,2,1,2021-12-30T18:46:42Z
Deception,,5,,2,2,2021-12-30T18:46:42Z
Denial eSports,https://liquipedia.net/halo/Denial_eSports,66,84,2,21,2021-12-30T18:46:42Z
Divine Domination,,,,2,,2021-12-30T18:46:42Z
DN34,,10,23,2,2,2021-12-30T18:46:42Z
DoZe Esports,,1,3,2,1,2021-12-30T18:46:42Z
Dream Team,https://liquipedia.net/halo/Dream_Team,,,2,,2021-12-30T18:46:42Z
Dug's Buddies,,5,,2,1,2021-12-30T18:46:42Z
Elevate,https://liquipedia.net/halo/ELevate,,,2,,2021-12-30T18:46:42Z
Eleven & Scythe,,,,2,,2021-12-30T18:46:42Z
Elite,,3,2,2,2,2021-12-30T18:46:42Z
Elite Four,,8,17,2,2,2021-12-30T18:46:42Z
Endpoint,https://liquipedia.net/halo/Endpoint,6,3,2,2,2021-12-30T18:46:42Z
ENG GER ITA FRA,,9,,2,2,2021-12-30T18:46:42Z
Epsilon Esports,https://liquipedia.net/halo/Epsilon_eSports,,,2,,2021-12-30T18:46:42Z
Estorm,,2,,2,1,2021-12-30T18:46:42Z
Ethereal,,8,4,2,2,2021-12-30T18:46:42Z
ex-sTw,,4,,2,2,2021-12-30T18:46:42Z
Excelerate Gaming,,7,,2,2,2021-12-30T18:46:42Z
Excellence Gaming,,,,2,,2021-12-30T18:46:42Z
ExiLe Gaming,,20,,2,8,2021-12-30T18:46:42Z
F Gintron,,,,2,,2021-12-30T18:46:42Z
FAB Games Esports,https://liquipedia.net/halo/FAB_Games_eSports,,,2,,2021-12-30T18:46:42Z
Faux,,7,6,2,2,2021-12-30T18:46:42Z
FaZe Akademy,,8,,2,4,2021-12-30T18:46:42Z
Final,,3,,2,1,2021-12-30T18:46:42Z
FIU Gold,,11,10,2,2,2021-12-30T18:46:42Z
FJ,,,,2,,2021-12-30T18:46:42Z
Fractal Knights,,5,,2,2,2021-12-30T18:46:42Z
French TO4,,,,2,,2021-12-30T18:46:42Z
FU Gintron,,,,2,,2021-12-30T18:46:42Z
GameTyrant,,5,,2,2,2021-12-30T18:46:42Z
Gears Goons,,6,12,2,2,2021-12-30T18:46:42Z
Ghosts of Onyx,,7,,2,2,2021-12-30T18:46:42Z
GigaHub,,7,7,2,2,2021-12-30T18:46:42Z
GNARLY,,9,21,2,3,2021-12-30T18:46:42Z
Godly 4,,6,,2,2,2021-12-30T18:46:42Z
Goo Shooters,,8,19,2,3,2021-12-30T18:46:42Z
Gryffindor,,8,,2,2,2021-12-30T18:46:42Z
GU,,,,2,,2021-12-30T18:46:42Z
Gutter Gang,,4,,2,2,2021-12-30T18:46:42Z
Halo 5 2021,,10,9,2,2,2021-12-30T18:46:42Z
heavy bl4me,,2,,2,2,2021-12-30T18:46:42Z
HMDA,,13,27,2,2,2021-12-30T18:46:42Z
I Don't Know,,,,2,,2021-12-30T18:46:42Z
Impressive,,2,,2,2,2021-12-30T18:46:42Z
Improvity Gaming,,12,11,2,3,2021-12-30T18:46:42Z
Improvity Mommy,,10,21,2,3,2021-12-30T18:46:42Z
InControl Nation,,6,2,2,3,2021-12-30T18:46:42Z
Infinity Gaming,,7,15,2,2,2021-12-30T18:46:42Z
Insane Lobsters,,6,,2,2,2021-12-30T18:46:42Z
Insane Onfire,,,,2,,2021-12-30T18:46:42Z
Integral Nation,,3,,2,2,2021-12-30T18:46:42Z
Invalid Esports,,4,,2,2,2021-12-30T18:46:42Z
Invictus,,3,,2,1,2021-12-30T18:46:42Z
Invizion,,8,18,2,2,2021-12-30T18:46:42Z
Kamikaze Ninjas,,7,7,2,2,2021-12-30T18:46:42Z
Killing the Dream,,3,4,2,2,2021-12-30T18:46:42Z
Kingdom,,4,,2,1,2021-12-30T18:46:42Z
Kroganavaccine,,6,,2,2,2021-12-30T18:46:42Z
Left For Dead,,4,,2,2,2021-12-30T18:46:42Z
LIDENSKAP,,5,11,2,2,2021-12-30T18:46:42Z
LIED,,1,,2,1,2021-12-30T18:46:42Z
Livin the Dream,,2,2,2,2,2021-12-30T18:46:42Z
London Conspiracy,https://liquipedia.net/halo/London_Conspiracy,5,5,2,2,2021-12-30T18:46:42Z
LOOT AT ME,,9,20,2,2,2021-12-30T18:46:42Z
LoRdZ,,2,,2,1,2021-12-30T18:46:42Z
Lux Gaming,,1,,2,1,2021-12-30T18:46:42Z
M2D2,,2,,2,1,2021-12-30T18:46:42Z
MAGS,,2,,2,1,2021-12-30T18:46:42Z
Mazer Gaming,,7,8,2,2,2021-12-30T18:46:42Z
Melting Pot,,6,14,2,2,2021-12-30T18:46:42Z
Mixtape,,6,13,2,2,2021-12-30T18:46:42Z
MoB PowerTripBev.com,,4,,2,2,2021-12-30T18:46:42Z
MobDeep.net,,6,,2,2,2021-12-30T18:46:42Z
Mombasa Rising,,5,11,2,3,2021-12-30T18:46:42Z
Monglers Legendz,,,,2,,2021-12-30T18:46:42Z
Mount Union,,9,7,2,2,2021-12-30T18:46:42Z
Muriel Robin,,,,2,,2021-12-30T18:46:42Z
Musashi Gaming,,9,10,2,2,2021-12-30T18:46:42Z
Natural Killers,,4,,2,2,2021-12-30T18:46:42Z
Nemesis Esports,,4,,2,2,2021-12-30T18:46:42Z
No LiMiT,,2,,2,1,2021-12-30T18:46:42Z
No Mercy Esports,,2,,2,2,2021-12-30T18:46:42Z
No Talent 2,,,,2,,2021-12-30T18:46:42Z
Notorious,,9,,2,2,2021-12-30T18:46:42Z
OE Baby,,1,,2,1,2021-12-30T18:46:42Z
OMiT,,3,,2,1,2021-12-30T18:46:42Z
On Top,,10,,2,2,2021-12-30T18:46:42Z
Ottawa University,,,,2,,2021-12-30T18:46:42Z
Overpower Gaming,,10,,2,3,2021-12-30T18:46:42Z
PainX,,6,7,2,2,2021-12-30T18:46:42Z
Parademons,,2,,2,1,2021-12-30T18:46:42Z
Pepe Squad,,8,18,2,2,2021-12-30T18:46:42Z
Perfect Balance,,4,,2,2,2021-12-30T18:46:42Z
Perfect Dynamic,,9,6,2,3,2021-12-30T18:46:42Z
Perfect Storm,,7,8,2,2,2021-12-30T18:46:42Z
Pickup Squad,,6,12,2,2,2021-12-30T18:46:42Z
Points,,5,11,2,2,2021-12-30T18:46:42Z
Prime,,5,10,2,2,2021-12-30T18:46:42Z
Prophecy,,2,,2,1,2021-12-30T18:46:42Z
RBG Esports,,3,,2,2,2021-12-30T18:46:42Z
Red Wolves,,3,,2,1,2021-12-30T18:46:42Z
Regain,,7,2,2,2,2021-12-30T18:46:42Z
Reign,,6,,2,2,2021-12-30T18:46:42Z
ReKd,,2,,2,1,2021-12-30T18:46:42Z
Reloaded After Four,,6,,2,2,2021-12-30T18:46:42Z
Replay Stallions,,3,,2,1,2021-12-30T18:46:42Z
Replays,,2,4,2,2,2021-12-30T18:46:42Z
Rift Gaming,,5,8,2,2,2021-12-30T18:46:42Z
SE,,,,2,,2021-12-30T18:46:42Z
SetToDestroyX,,5,9,2,2,2021-12-30T18:46:42Z
Shady Kings,,1,,2,1,2021-12-30T18:46:42Z
Shoot To Kill 2,,,,2,,2021-12-30T18:46:42Z
Show and Prove,,5,10,2,2,2021-12-30T18:46:42Z
SoaR Gaming,https://liquipedia.net/halo/SoaR_Gaming,1,4,2,1,2021-12-30T18:46:42Z
Soaring,,3,,2,2,2021-12-30T18:46:42Z
Solid,,10,4,2,2,2021-12-30T18:46:42Z
South Mx Gaming,,2,,2,2,2021-12-30T18:46:42Z
Stainers,,4,9,2,2,2021-12-30T18:46:42Z
Strafe,,9,,2,2,2021-12-30T18:46:42Z
Strife Scenario,,1,,2,1,2021-12-30T18:46:42Z
Sworn Oath,,5,11,2,2,2021-12-30T18:46:42Z
SYA,,3,,2,2,2021-12-30T18:46:42Z
TCSS,,4,,2,2,2021-12-30T18:46:42Z
Team 1,,6,,2,2,2021-12-30T18:46:42Z
Team eX,,6,,2,2,2021-12-30T18:46:42Z
Team FFA 2,,,,2,,2021-12-30T18:46:42Z
Team Gigz,,,,2,,2021-12-30T18:46:42Z
Team h2k,,,,2,,2021-12-30T18:46:42Z
Team Menace,,5,,2,1,2021-12-30T18:46:42Z
Team MystiC,,2,,2,1,2021-12-30T18:46:42Z
Team Name,,1,,2,1,2021-12-30T18:46:42Z
Team Origin,,,,2,,2021-12-30T18:46:42Z
Team Randa,,6,15,2,2,2021-12-30T18:46:42Z
Team Reign,,2,7,2,1,2021-12-30T18:46:42Z
TeK,,,,2,,2021-12-30T18:46:42Z
The Gosu Crew,,3,,2,1,2021-12-30T18:46:42Z
The Guard,https://liquipedia.net/halo/The_Guard,6,18,2,2,2021-12-30T18:46:42Z
TsK,,,,2,,2021-12-30T18:46:42Z
Turkish Delight,,4,,2,1,2021-12-30T18:46:42Z
Ummm,,,,2,,2021-12-30T18:46:42Z
Unknown Team,,4,,2,2,2021-12-30T18:46:42Z
Unsigned Talent,,6,3,2,2,2021-12-30T18:46:42Z
UoNA Dragons,,12,24,2,2,2021-12-30T18:46:42Z
VaB,,1,,2,1,2021-12-30T18:46:42Z
Vanity Gaming,,8,,2,2,2021-12-30T18:46:42Z
VCU,,,,2,,2021-12-30T18:46:42Z
Vertical,,2,,2,2,2021-12-30T18:46:42Z
VIBEIN,,7,8,2,2,2021-12-30T18:46:42Z
Viperio,,3,,2,1,2021-12-30T18:46:42Z
Vital,,,,2,,2021-12-30T18:46:42Z
WarZ,,5,5,2,2,2021-12-30T18:46:42Z
Water Art,,3,,2,2,2021-12-30T18:46:42Z
⁠⁠Ordo Equitum,,,,1,,2021-12-30T18:46:42Z
⁠⁠PDT,,,,1,,2021-12-30T18:46:42Z
⁠⁠Perfect Dynamic,,,,1,,2021-12-30T18:46:42Z
⁠⁠Quasar,,,,1,,2021-12-30T18:46:42Z
⁠⁠Sudden Death,,,,1,,2021-12-30T18:46:42Z
⁠⁠VwS Gaming,,,,1,,2021-12-30T18:46:42Z
⁠Catch My Drift,,,,1,,2021-12-30T18:46:42Z
⁠NG Owl City,,,,1,,2021-12-30T18:46:42Z
⁠Reality Check,,,,1,,2021-12-30T18:46:42Z
⁠Team Chaotic,,,,1,,2021-12-30T18:46:42Z
⁠Uprising eSports,,,,1,,2021-12-30T18:46:42Z
1620 Kings,,6,,1,1,2021-12-30T18:46:42Z
2 Washed duos,,,,1,,2021-12-30T18:46:42Z
2700mbps,,5,12,1,1,2021-12-30T18:46:42Z
28 Baked SP,,,,1,,2021-12-30T18:46:42Z
4 Idiots,,1,,1,1,2021-12-30T18:46:42Z
4G,,2,,1,1,2021-12-30T18:46:42Z
4G Hotspot,,2,4,1,1,2021-12-30T18:46:42Z
4N,,1,,1,1,2021-12-30T18:46:42Z
50 & Slim,,,,1,,2021-12-30T18:46:42Z
5K team,,6,,1,1,2021-12-30T18:46:42Z
6S Gaming,,5,,1,1,2021-12-30T18:46:42Z
7LGF,,,,1,,2021-12-30T18:46:42Z
7LRS,,,,1,,2021-12-30T18:46:42Z
7thSin,,3,3,1,1,2021-12-30T18:46:42Z
A4D,,,,1,,2021-12-30T18:46:42Z
AbaGoats,,,,1,,2021-12-30T18:46:42Z
Ability,,3,,1,1,2021-12-30T18:46:42Z
Abrasive,,2,2,1,2,2021-12-30T18:46:42Z
Ace & Tylenul,,1,,1,1,2021-12-30T18:46:42Z
Acend,https://liquipedia.net/halo/Acend,4,13,1,1,2021-12-30T18:46:42Z
Adversity,,,,1,,2021-12-30T18:46:42Z
Afterlife,,4,,1,1,2021-12-30T18:46:42Z
AfterLife Gaming,,1,3,1,1,2021-12-30T18:46:42Z
afterMath Esports,,,,1,,2021-12-30T18:46:42Z
AGENT Paragon,,1,3,1,1,2021-12-30T18:46:42Z
Agony Realm,,1,2,1,1,2021-12-30T18:46:42Z
Aim diff,,3,6,1,1,2021-12-30T18:46:42Z
Akave Esports,,3,7,1,1,2021-12-30T18:46:42Z
Alex & Silk,,,,1,,2021-12-30T18:46:42Z
Alky,,1,,1,1,2021-12-30T18:46:42Z
ALL 4 ONE,,1,,1,1,2021-12-30T18:46:42Z
All Stars,,1,,1,1,2021-12-30T18:46:42Z
Always Elevating,,4,,1,2,2021-12-30T18:46:42Z
Ambition,,,,1,,2021-12-30T18:46:42Z
Anaheim Pirates,,5,,1,1,2021-12-30T18:46:42Z
Anarchy,,1,,1,1,2021-12-30T18:46:42Z
Antimatter,,1,,1,1,2021-12-30T18:46:42Z
Ape Sudata,,2,4,1,1,2021-12-30T18:46:42Z
Apes,,2,,1,1,2021-12-30T18:46:42Z
APEX GAMING,,1,,1,1,2021-12-30T18:46:42Z
APEX PLAYERS,,2,4,1,1,2021-12-30T18:46:42Z
apeX.Revolution,,2,,1,1,2021-12-30T18:46:42Z
APMH Esports,,2,,1,1,2021-12-30T18:46:42Z
Aqua Fuego,,6,2,1,2,2021-12-30T18:46:42Z
Arcane,,1,,1,1,2021-12-30T18:46:42Z
Archetype,,4,,1,1,2021-12-30T18:46:42Z
Aristogods,,1,,1,1,2021-12-30T18:46:42Z
Armor of God,,,,1,,2021-12-30T18:46:42Z
Arnold's Pizza Shop,,,,1,,2021-12-30T18:46:42Z
Arteficial Inte,,,,1,,2021-12-30T18:46:42Z
Artificial Intelligence,,5,,1,1,2021-12-30T18:46:42Z
Aspire,,1,,1,1,2021-12-30T18:46:42Z
Astra Piggy,,,,1,,2021-12-30T18:46:42Z
Astral Authority,,,,1,,2021-12-30T18:46:42Z
ASU Gold,,6,13,1,1,2021-12-30T18:46:42Z
ASU Maroon,,9,21,1,1,2021-12-30T18:46:42Z
Atlantic,,,,1,,2021-12-30T18:46:42Z
Austrian Force,,,,1,,2021-12-30T18:46:42Z
Avada Kedavra,,,,1,,2021-12-30T18:46:42Z
Average,,,,1,,2021-12-30T18:46:42Z
Aware Gaming,,1,,1,1,2021-12-30T18:46:42Z
B7,,5,10,1,1,2021-12-30T18:46:42Z
Bababooey,,,,1,,2021-12-30T18:46:42Z
Back to Classic,,4,,1,1,2021-12-30T18:46:42Z
BackStage,,4,8,1,2,2021-12-30T18:46:42Z
Bad Manners,,5,,1,1,2021-12-30T18:46:42Z
Barbie and Friends,,2,,1,1,2021-12-30T18:46:42Z
Barbie Boys,,3,,1,1,2021-12-30T18:46:42Z
BCKS,,4,6,1,2,2021-12-30T18:46:42Z
Beamer Boys,,4,,1,1,2021-12-30T18:46:42Z
Beamers,,2,,1,1,2021-12-30T18:46:42Z
BEAT THE DEVIL OUT OF IT,,1,,1,1,2021-12-30T18:46:42Z
beGenius ESC,,,,1,,2021-12-30T18:46:42Z
Behemoth,,4,,1,1,2021-12-30T18:46:42Z
Bens Coffee LADS,,2,,1,1,2021-12-30T18:46:42Z
BerriesAndCream,,2,4,1,1,2021-12-30T18:46:42Z
Berserk,,1,2,1,1,2021-12-30T18:46:42Z
Berzerkers Gaming,,2,,1,1,2021-12-30T18:46:42Z
Better Than Chosen Legacy,,1,,1,1,2021-12-30T18:46:42Z
Beyond prime,,1,,1,1,2021-12-30T18:46:42Z
BH3 neXuS,,,,1,,2021-12-30T18:46:42Z
billybonkers445,,,,1,,2021-12-30T18:46:42Z
Bing chillin,,3,,1,1,2021-12-30T18:46:42Z
Bing Chilling,,2,3,1,1,2021-12-30T18:46:42Z
Bittersweet,,,,1,,2021-12-30T18:46:42Z
Black Lotus,,,,1,,2021-12-30T18:46:42Z
Blanks,,5,,1,1,2021-12-30T18:46:42Z
BlastThunder,,,,1,,2021-12-30T18:46:42Z
Blumpkin,,,,1,,2021-12-30T18:46:42Z
Boats N Fo's,,3,,1,1,2021-12-30T18:46:42Z
Boise State,,6,,1,1,2021-12-30T18:46:42Z
Bound & bubu dubu,,2,,1,1,2021-12-30T18:46:42Z
Brigade,,,,1,,2021-12-30T18:46:42Z
Bring the Noise,,,,1,,2021-12-30T18:46:42Z
Brownies,,4,,1,1,2021-12-30T18:46:42Z
BRP,,2,,1,1,2021-12-30T18:46:42Z
BSC Bobcats VA,,5,,1,1,2021-12-30T18:46:42Z
BSOK,,2,4,1,1,2021-12-30T18:46:42Z
BTB Goons,,1,,1,1,2021-12-30T18:46:42Z
bubu dubu/Sceptify,,2,,1,1,2021-12-30T18:46:42Z
Buck Wild,,3,,1,1,2021-12-30T18:46:42Z
Business Decision,,,,1,,2021-12-30T18:46:42Z
BXB,,5,,1,1,2021-12-30T18:46:42Z
Bye Bye noobs,,,,1,,2021-12-30T18:46:42Z
Carnage Gaming Black,,1,,1,1,2021-12-30T18:46:42Z
Carrying Swift,,3,7,1,1,2021-12-30T18:46:42Z
Cat Smile Gaming,,1,,1,1,2021-12-30T18:46:42Z
CAZ eSports,,1,2,1,1,2021-12-30T18:46:42Z
Celestial,,7,16,1,1,2021-12-30T18:46:42Z
Chaotic Neutral,,1,,1,1,2021-12-30T18:46:42Z
Chasin and Pacin,,,,1,,2021-12-30T18:46:42Z
Chicken Tendies,,5,19,1,1,2021-12-30T18:46:42Z
Chiefs ESC,https://liquipedia.net/halo/Chiefs_Esports_Club,3,6,1,1,2021-12-30T18:46:42Z
Chilled Reality,,3,,1,1,2021-12-30T18:46:42Z
Chinese Lawyer,,1,,1,1,2021-12-30T18:46:42Z
Cilantro,,1,,1,1,2021-12-30T18:46:42Z
CintaNegra,,,,1,,2021-12-30T18:46:42Z
CintaNegra K9,,2,4,1,1,2021-12-30T18:46:42Z
CintaNegra MM,,2,4,1,2,2021-12-30T18:46:42Z
CintaNegraX,,2,,1,1,2021-12-30T18:46:42Z
Cintenegra,,,,1,,2021-12-30T18:46:42Z
City Boys,,,,1,,2021-12-30T18:46:42Z
CK x TGC,,2,,1,1,2021-12-30T18:46:42Z
Clarity,,4,,1,1,2021-12-30T18:46:42Z
Clown Fiesta,,4,,1,1,2021-12-30T18:46:42Z
Coconuts,,,,1,,2021-12-30T18:46:42Z
COD ESPORTS LUL,,2,4,1,1,2021-12-30T18:46:42Z
Cod kids,,2,,1,1,2021-12-30T18:46:42Z
Cod Memes,,2,4,1,1,2021-12-30T18:46:42Z
Colombian Legend,,,,1,,2021-12-30T18:46:42Z
Colombian Legends,,5,6,1,2,2021-12-30T18:46:42Z
Comrades,,5,,1,1,2021-12-30T18:46:42Z
Console Gamers,,5,4,1,1,2021-12-30T18:46:42Z
Copyrighted,,,,1,,2021-12-30T18:46:42Z
CPH,,,,1,,2021-12-30T18:46:42Z
CPR Esports,,1,,1,1,2021-12-30T18:46:42Z
Cratos & Suspector,,1,,1,1,2021-12-30T18:46:42Z
Crowd Control,,3,,1,1,2021-12-30T18:46:42Z
Crusade,,3,,1,1,2021-12-30T18:46:42Z
CuteHamsters,,3,7,1,1,2021-12-30T18:46:42Z
Cwell Fellas,,,,1,,2021-12-30T18:46:42Z
Cyber Bullies,,3,,1,1,2021-12-30T18:46:42Z
CyberBullies,,1,,1,1,2021-12-30T18:46:42Z
Da Drought 3,,2,,1,1,2021-12-30T18:46:42Z
Daddy and the Daycare,,1,,1,1,2021-12-30T18:46:42Z
Danford/Moose,,3,,1,1,2021-12-30T18:46:42Z
Dark Souls 4,,1,,1,1,2021-12-30T18:46:42Z
Daytona,,6,,1,1,2021-12-30T18:46:42Z
Deathruptor Fans,,,,1,,2021-12-30T18:46:42Z
Default,,,,1,,2021-12-30T18:46:42Z
Definitely Amazing,,1,,1,1,2021-12-30T18:46:42Z
DegDeg.n00bs,,1,,1,1,2021-12-30T18:46:42Z
Demolition Boys,,2,2,1,2,2021-12-30T18:46:42Z
DEMOLITION BOYS,,,,1,,2021-12-30T18:46:42Z
Demon Status,,3,7,1,1,2021-12-30T18:46:42Z
DEMON5,,3,3,1,1,2021-12-30T18:46:42Z
Demonica Esports,,1,,1,1,2021-12-30T18:46:42Z
Demons,,3,6,1,1,2021-12-30T18:46:42Z
Descend,,5,,1,1,2021-12-30T18:46:42Z
Desire,,2,,1,1,2021-12-30T18:46:42Z
DeSiTic Gaming,,2,,1,1,2021-12-30T18:46:42Z
Dethruptor fans,,14,23,1,3,2021-12-30T18:46:42Z
Dethruptor Fans,,,,1,,2021-12-30T18:46:42Z
Devils Army,,3,,1,1,2021-12-30T18:46:42Z
Devise Gaming,,1,,1,1,2021-12-30T18:46:42Z
Dioses Gow,,1,,1,1,2021-12-30T18:46:42Z
Dipjuice,,,,1,,2021-12-30T18:46:42Z
DL DL,,1,,1,1,2021-12-30T18:46:42Z
DM,,3,9,1,1,2021-12-30T18:46:42Z
DOA,,1,,1,1,2021-12-30T18:46:42Z
Dominant Talent,,,,1,,2021-12-30T18:46:42Z
dominatioN,,3,7,1,1,2021-12-30T18:46:42Z
Dont Chase Me Bro,,1,,1,1,2021-12-30T18:46:42Z
Dragon Kings,,1,,1,1,2021-12-30T18:46:42Z
Drapeau Noir,,1,,1,1,2021-12-30T18:46:42Z
Driven,,3,,1,1,2021-12-30T18:46:42Z
Dropped from Every Team,,1,,1,1,2021-12-30T18:46:42Z
Druk & SoulSnipe,,1,,1,1,2021-12-30T18:46:42Z
Dug's Buddies 2,,,,1,,2021-12-30T18:46:42Z
Dzs e.V.,,2,6,1,1,2021-12-30T18:46:42Z
EBeasty Gaming,,1,,1,1,2021-12-30T18:46:42Z
EcNs Job Flex,,3,6,1,1,2021-12-30T18:46:42Z
Eco & Mikwen,,4,,1,1,2021-12-30T18:46:42Z
Ego Rangers,,2,,1,1,2021-12-30T18:46:42Z
El equipo cool,,2,4,1,1,2021-12-30T18:46:42Z
Element 6 Gaming,,2,,1,1,2021-12-30T18:46:42Z
Enchiladas,,5,12,1,1,2021-12-30T18:46:42Z
End Result,,,,1,,2021-12-30T18:46:42Z
Entropy,,,,1,,2021-12-30T18:46:42Z
EpZhuhLon,,,,1,,2021-12-30T18:46:42Z
Equinox,,4,,1,1,2021-12-30T18:46:42Z
Eradication,,2,,1,1,2021-12-30T18:46:42Z
Eraiize Gaming,,1,,1,1,2021-12-30T18:46:42Z
Eternal,,3,,1,1,2021-12-30T18:46:42Z
Eternity,,4,9,1,1,2021-12-30T18:46:42Z
Event Horizon,,3,6,1,1,2021-12-30T18:46:42Z
Evil,,2,,1,1,2021-12-30T18:46:42Z
Evil Dynasty,,2,,1,1,2021-12-30T18:46:42Z
Evolution,,4,8,1,2,2021-12-30T18:46:42Z
eVolved eSport,,3,,1,1,2021-12-30T18:46:42Z
eVvade,,,,1,,2021-12-30T18:46:42Z
exceL eSports,https://liquipedia.net/halo/ExceL_eSports,17,22,1,6,2021-12-30T18:46:42Z
eXcellence Black,,1,,1,1,2021-12-30T18:46:42Z
Exertus Esports,,4,9,1,1,2021-12-30T18:46:42Z
Exigent,,,,1,,2021-12-30T18:46:42Z
ExiLed Gaming,,,,1,,2021-12-30T18:46:42Z
EXO esports,,,,1,,2021-12-30T18:46:42Z
EXO Esports,,,,1,,2021-12-30T18:46:42Z
Extincion 2,,2,,1,1,2021-12-30T18:46:42Z
Ez W,,4,,1,1,2021-12-30T18:46:42Z
F Gintron 2,,,,1,,2021-12-30T18:46:42Z
Falling Stars,,1,,1,1,2021-12-30T18:46:42Z
FaZe AkAdEmY,,,,1,,2021-12-30T18:46:42Z
FaZe Clan,https://liquipedia.net/halo/FaZe_Clan,7,29,1,1,2021-12-30T18:46:42Z
FBGM,,2,,1,1,2021-12-30T18:46:42Z
FBI Michigan,,3,,1,1,2021-12-30T18:46:42Z
FBI Nice Like Rice,,4,,1,1,2021-12-30T18:46:42Z
FC Lahti Menace,,1,4,1,1,2021-12-30T18:46:42Z
Fellowship,,3,,1,1,2021-12-30T18:46:42Z
FEMv Esports,,1,,1,1,2021-12-30T18:46:42Z
Fetos LATAM,,4,,1,1,2021-12-30T18:46:42Z
Fiddy & Methodz,,,,1,,2021-12-30T18:46:42Z
Filthy Jackalopes,,,,1,,2021-12-30T18:46:42Z
Fing Blipped,,,,1,,2021-12-30T18:46:42Z
FireStorm,,2,,1,1,2021-12-30T18:46:42Z
First Blood,,1,,1,1,2021-12-30T18:46:42Z
Flair,,3,,1,1,2021-12-30T18:46:42Z
Flamesword & Perzecute,,1,,1,1,2021-12-30T18:46:42Z
Florida Jackalopes,,,,1,,2021-12-30T18:46:42Z
Florida State Garnet,,4,,1,1,2021-12-30T18:46:42Z
Forge Halo,,4,,1,1,2021-12-30T18:46:42Z
Formosa,,1,,1,1,2021-12-30T18:46:42Z
Fossils,,3,6,1,1,2021-12-30T18:46:42Z
Fragment eSports,,5,,1,1,2021-12-30T18:46:42Z
Free Agency,,,,1,,2021-12-30T18:46:42Z
Frenched,,3,,1,1,2021-12-30T18:46:42Z
FrenchPlusOne,,1,,1,1,2021-12-30T18:46:42Z
Frenemies,,1,,1,1,2021-12-30T18:46:42Z
Frosty & Renegade,,1,,1,1,2021-12-30T18:46:42Z
Full Quid,,,,1,,2021-12-30T18:46:42Z
Fung Four AG,,1,,1,1,2021-12-30T18:46:42Z
Funkboings,,1,2,1,1,2021-12-30T18:46:42Z
Fxbg 8ighty 2wenty,,4,,1,1,2021-12-30T18:46:42Z
Fynd Gaming,,,,1,,2021-12-30T18:46:42Z
Fyra Gaming,,3,,1,1,2021-12-30T18:46:42Z
G Town,,1,2,1,1,2021-12-30T18:46:42Z
G4C Hydra,,2,,1,1,2021-12-30T18:46:42Z
Gaia,,3,7,1,1,2021-12-30T18:46:42Z
GambitEU,,7,16,1,1,2021-12-30T18:46:42Z
Game City,,,,1,,2021-12-30T18:46:42Z
Game City White,,1,,1,1,2021-12-30T18:46:42Z
Game Knights,,,,1,,2021-12-30T18:46:42Z
Gamers,,2,5,1,1,2021-12-30T18:46:42Z
GamersGaming,,3,6,1,2,2021-12-30T18:46:42Z
Garda,,2,4,1,1,2021-12-30T18:46:42Z
GCU Black,,6,,1,1,2021-12-30T18:46:42Z
GCU Purple,,6,3,1,1,2021-12-30T18:46:42Z
GDT,,3,,1,1,2021-12-30T18:46:42Z
Gears of Halo,,3,,1,1,2021-12-30T18:46:42Z
GearsHaloTeam,,4,8,1,1,2021-12-30T18:46:42Z
Geezers,,2,,1,1,2021-12-30T18:46:42Z
Georgia,,3,2,1,1,2021-12-30T18:46:42Z
Get Bronco,,1,,1,1,2021-12-30T18:46:42Z
Get Gud,,2,4,1,1,2021-12-30T18:46:42Z
Get on the Bus,,3,7,1,1,2021-12-30T18:46:42Z
GG Team,,,,1,,2021-12-30T18:46:42Z
Gideon,,3,,1,1,2021-12-30T18:46:42Z
Gilkey & Artic,,1,,1,1,2021-12-30T18:46:42Z
Global Sanction,,2,6,1,1,2021-12-30T18:46:42Z
Goats R Us,,2,,1,1,2021-12-30T18:46:42Z
GoGamers,,1,,1,1,2021-12-30T18:46:42Z
Goldmembers,,6,,1,1,2021-12-30T18:46:42Z
Good Vibes Only,,1,,1,1,2021-12-30T18:46:42Z
gotlil bitdrunk,,2,4,1,1,2021-12-30T18:46:42Z
Grand Delusion,,1,,1,1,2021-12-30T18:46:42Z
Gravity,,2,,1,1,2021-12-30T18:46:42Z
GRTS Esports,,3,,1,1,2021-12-30T18:46:42Z
Grudge Gaming,,1,,1,1,2021-12-30T18:46:42Z
Gty,,3,,1,1,2021-12-30T18:46:42Z
Guardians Gaming,,,,1,,2021-12-30T18:46:42Z
Guilty,,1,,1,1,2021-12-30T18:46:42Z
GuuDR,,3,,1,1,2021-12-30T18:46:42Z
H1RoX,,4,5,1,1,2021-12-30T18:46:42Z
H2C,,2,,1,1,2021-12-30T18:46:42Z
H2O,,,,1,,2021-12-30T18:46:42Z
H5KIDS,,5,12,1,1,2021-12-30T18:46:42Z
H6 Hurry,,4,14,1,1,2021-12-30T18:46:42Z
HaC NZ,,3,3,1,1,2021-12-30T18:46:42Z
Hair Paints,,3,,1,1,2021-12-30T18:46:42Z
Halo 2 Kings,,,,1,,2021-12-30T18:46:42Z
Halo Challenger,,,,1,,2021-12-30T18:46:42Z
Halo Esports Team,,,,1,,2021-12-30T18:46:42Z
Halo Predators,,4,8,1,1,2021-12-30T18:46:42Z
Halo Team Oct 24,,5,,1,1,2021-12-30T18:46:42Z
Halo1Style,,3,6,1,1,2021-12-30T18:46:42Z
Harmonic Convergence,,6,,1,1,2021-12-30T18:46:42Z
Havoc,,5,,1,1,2021-12-30T18:46:42Z
HAYVANS,,4,10,1,1,2021-12-30T18:46:42Z
Heart Of The Cards,,,,1,,2021-12-30T18:46:42Z
Heavenly Hell,,,,1,,2021-12-30T18:46:42Z
HEM Gaming,,6,15,1,2,2021-12-30T18:46:42Z
Hi5 Esports,,2,,1,1,2021-12-30T18:46:42Z
High Society,,2,5,1,2,2021-12-30T18:46:42Z
highgroundteam,,5,11,1,1,2021-12-30T18:46:42Z
Hit Seiren,,1,,1,1,2021-12-30T18:46:42Z
Hitmen,,3,,1,1,2021-12-30T18:46:42Z
HoldDeez,,3,6,1,1,2021-12-30T18:46:42Z
How Many Prelans?,,,,1,,2021-12-30T18:46:42Z
HRNY Clan,,,,1,,2021-12-30T18:46:42Z
HSP,,1,,1,1,2021-12-30T18:46:42Z
HYGHFOTC,,,,1,,2021-12-30T18:46:42Z
Hyperboom Esports,,,,1,,2021-12-30T18:46:42Z
Hyperion,,3,,1,1,2021-12-30T18:46:42Z
Hyperion Gaming,,2,4,1,1,2021-12-30T18:46:42Z
I'm Playing Like,,,,1,,2021-12-30T18:46:42Z
I Like Upsets,,2,,1,1,2021-12-30T18:46:42Z
I’m going bald,,,,1,,2021-12-30T18:46:42Z
iBrettowski Fan Club,,1,,1,1,2021-12-30T18:46:42Z
iCHOR ADD,,4,5,1,1,2021-12-30T18:46:42Z
Idolize,,8,18,1,1,2021-12-30T18:46:42Z
IG SIMPS,,6,12,1,1,2021-12-30T18:46:42Z
Illinois Wesleyan,,4,,1,1,2021-12-30T18:46:42Z
Im Anooyed,,,,1,,2021-12-30T18:46:42Z
Immunity eSports,,1,,1,1,2021-12-30T18:46:42Z
Impera eSport,,1,,1,1,2021-12-30T18:46:42Z
Imperial,,,,1,,2021-12-30T18:46:42Z
Imperial eSports,,,,1,,2021-12-30T18:46:42Z
Improv,,2,,1,1,2021-12-30T18:46:42Z
Improvised,,1,,1,1,2021-12-30T18:46:42Z
Improvity,,4,,1,2,2021-12-30T18:46:42Z
Improvity Focobois,,1,,1,1,2021-12-30T18:46:42Z
Improvity G,,2,,1,1,2021-12-30T18:46:42Z
Improvity Glory,,1,,1,1,2021-12-30T18:46:42Z
Improvity ISZ,,3,7,1,2,2021-12-30T18:46:42Z
Improvity Sadboys,,1,,1,1,2021-12-30T18:46:42Z
Incendiary,,2,,1,1,2021-12-30T18:46:42Z
Incept,,1,,1,1,2021-12-30T18:46:42Z
Incognito,,2,,1,1,2021-12-30T18:46:42Z
Incrediboys,,3,,1,1,2021-12-30T18:46:42Z
Infamous Esports,,4,13,1,1,2021-12-30T18:46:42Z
Infernal,,7,16,1,1,2021-12-30T18:46:42Z
Infine Demeter,,2,,1,1,2021-12-30T18:46:42Z
Infine Rhino,,2,,1,1,2021-12-30T18:46:42Z
Infinite Breadsticks,,1,,1,1,2021-12-30T18:46:42Z
Infinitely Better,,1,,1,1,2021-12-30T18:46:42Z
Infinites,,4,8,1,1,2021-12-30T18:46:42Z
Infinity Sky,,1,,1,1,2021-12-30T18:46:42Z
Iniquity Esport,,,,1,,2021-12-30T18:46:42Z
Iniquity eSports,,3,8,1,2,2021-12-30T18:46:42Z
Initial Concept,,2,,1,1,2021-12-30T18:46:42Z
Insane BR,,1,,1,1,2021-12-30T18:46:42Z
Intensive Fire,,1,,1,1,2021-12-30T18:46:42Z
Interference,,3,,1,1,2021-12-30T18:46:42Z
Invincible,,1,,1,1,2021-12-30T18:46:42Z
Ion,,,,1,,2021-12-30T18:46:42Z
Ironide Gaming,,3,6,1,1,2021-12-30T18:46:42Z
iSolation Essence,,2,,1,1,2021-12-30T18:46:42Z
It Dont Be Mattering,,1,,1,1,2021-12-30T18:46:42Z
italianforce,,3,6,1,1,2021-12-30T18:46:42Z
Jacko,,,,1,,2021-12-30T18:46:42Z
Jamestown Jimmies,,4,,1,1,2021-12-30T18:46:42Z
JH,,2,,1,1,2021-12-30T18:46:42Z
JoeRogansChimpanzees,,1,,1,1,2021-12-30T18:46:42Z
Jones BBQ and Foot Massage,,5,,1,2,2021-12-30T18:46:42Z
JSF,,1,,1,1,2021-12-30T18:46:42Z
Juice Boys,,3,,1,1,2021-12-30T18:46:42Z
Juiced,,4,,1,1,2021-12-30T18:46:42Z
Jump out gang,,6,11,1,2,2021-12-30T18:46:42Z
Jump Out Gang,,,,1,,2021-12-30T18:46:42Z
Just Milk,,1,,1,1,2021-12-30T18:46:42Z
JustLatam,,2,,1,1,2021-12-30T18:46:42Z
Kairos,,4,11,1,1,2021-12-30T18:46:42Z
Kambush,,4,,1,1,2021-12-30T18:46:42Z
Karnage,,,,1,,2021-12-30T18:46:42Z
KBM,,6,13,1,1,2021-12-30T18:46:42Z
KD-Gaming,,,,1,,2021-12-30T18:46:42Z
KimboINF,,2,,1,1,2021-12-30T18:46:42Z
King of the South,,2,,1,1,2021-12-30T18:46:42Z
Knights Of Shadows,,2,,1,1,2021-12-30T18:46:42Z
La 501,,3,6,1,1,2021-12-30T18:46:42Z
Lacrosste e-Gaming,,1,,1,1,2021-12-30T18:46:42Z
Laser Focused,,1,,1,1,2021-12-30T18:46:42Z
Last Hope,,6,13,1,1,2021-12-30T18:46:42Z
Last Minute,,2,4,1,1,2021-12-30T18:46:42Z
Last Supper,,2,,1,1,2021-12-30T18:46:42Z
Late Bloomers,,3,,1,1,2021-12-30T18:46:42Z
Leftovers,,1,,1,1,2021-12-30T18:46:42Z
Legends,,,,1,,2021-12-30T18:46:42Z
Legion Raccoon 2.0,,2,,1,1,2021-12-30T18:46:42Z
Lets Get This Money,,1,,1,1,2021-12-30T18:46:42Z
Liams gunny,,2,4,1,1,2021-12-30T18:46:42Z
LiNK,,,,1,,2021-12-30T18:46:42Z
LiNK Gaming,,,,1,,2021-12-30T18:46:42Z
Liquid Vibe,,2,,1,1,2021-12-30T18:46:42Z
Litium,,1,,1,1,2021-12-30T18:46:42Z
Loot 6,,1,,1,1,2021-12-30T18:46:42Z
Los Ángeles de Ángel,,1,,1,1,2021-12-30T18:46:42Z
Los Coyotes,,4,,1,1,2021-12-30T18:46:42Z
Los Maris,,,,1,,2021-12-30T18:46:42Z
LSB,,,,1,,2021-12-30T18:46:42Z
LTN,,1,,1,1,2021-12-30T18:46:42Z
Lucendi Gaming,,3,,1,1,2021-12-30T18:46:42Z
Lucid,,1,,1,1,2021-12-30T18:46:42Z
Lucid Gaming,,1,,1,1,2021-12-30T18:46:42Z
Lucky & Sin,,,,1,,2021-12-30T18:46:42Z
Lunar Gaming,,2,,1,1,2021-12-30T18:46:42Z
Mad Skills,,1,,1,1,2021-12-30T18:46:42Z
Magic Five,,5,12,1,1,2021-12-30T18:46:42Z
MagsUp,,1,,1,1,2021-12-30T18:46:42Z
Make The Switz,,,,1,,2021-12-30T18:46:42Z
Manhattan Project,,,,1,,2021-12-30T18:46:42Z
Mark Josey's Beard,,2,,1,1,2021-12-30T18:46:42Z
Mason City Minotaurs,,1,,1,1,2021-12-30T18:46:42Z
Mastas of Disastas,,,,1,,2021-12-30T18:46:42Z
Master Baiters,,1,,1,1,2021-12-30T18:46:42Z
Maximum Pwnz0rz,,,,1,,2021-12-30T18:46:42Z
McCree plus 3,,,,1,,2021-12-30T18:46:42Z
McCree Plus 3,,3,6,1,2,2021-12-30T18:46:42Z
MDK Berserkers,,2,,1,1,2021-12-30T18:46:42Z
Meet Me Bottom Mid,,1,,1,1,2021-12-30T18:46:42Z
Mentality Esports,https://liquipedia.net/halo/Mentality_Esports,3,,1,1,2021-12-30T18:46:42Z
Mercy,,3,,1,1,2021-12-30T18:46:42Z
Merry Berry,,,,1,,2021-12-30T18:46:42Z
MexX,,1,,1,1,2021-12-30T18:46:42Z
Miami University,,7,4,1,2,2021-12-30T18:46:42Z
Michigan B,,,,1,,2021-12-30T18:46:42Z
Mighty Ducks,,2,,1,1,2021-12-30T18:46:42Z
MKB,,4,,1,1,2021-12-30T18:46:42Z
MLG Rockford,,,,1,,2021-12-30T18:46:42Z
MoB BigChili.com,,,,1,,2021-12-30T18:46:42Z
MoB GamerGraffix,,5,,1,1,2021-12-30T18:46:42Z
MobTreatment,,2,,1,1,2021-12-30T18:46:42Z
Mock-it eSports,https://liquipedia.net/halo/Mock-It_Esports,,,1,,2021-12-30T18:46:42Z
MoD,,,,1,,2021-12-30T18:46:42Z
Mongler's Mafia,,,,1,,2021-12-30T18:46:42Z
Monglers Cwell Fellas,,,,1,,2021-12-30T18:46:42Z
Movement,,5,,1,1,2021-12-30T18:46:42Z
MoZ,,,,1,,2021-12-30T18:46:42Z
mTw,,6,9,1,1,2021-12-30T18:46:42Z
Mulai Dalam,,2,,1,1,2021-12-30T18:46:42Z
Multi FPS Vets,,2,4,1,1,2021-12-30T18:46:42Z
Mystical Legends,,3,,1,1,2021-12-30T18:46:42Z
mythiX eSports,,,,1,,2021-12-30T18:46:42Z
N3XUS Gaming,,2,,1,1,2021-12-30T18:46:42Z
Nascent,,3,,1,1,2021-12-30T18:46:42Z
Naventic,,,,1,,2021-12-30T18:46:42Z
Nebula,https://liquipedia.net/halo/Nebula,8,10,1,2,2021-12-30T18:46:42Z
Nebula,,8,10,1,2,2021-12-30T18:46:42Z
Nebulous,,1,,1,1,2021-12-30T18:46:42Z
Need Org,,,,1,,2021-12-30T18:46:42Z
NeedNewBatteries,,2,,1,1,2021-12-30T18:46:42Z
NeedReleaseDate,,,,1,,2021-12-30T18:46:42Z
NEPEVEIRON,,1,,1,1,2021-12-30T18:46:42Z
New 2 Halo,,2,5,1,1,2021-12-30T18:46:42Z
New Era,,,,1,,2021-12-30T18:46:42Z
New Gen,,1,2,1,1,2021-12-30T18:46:42Z
New Haven,,6,,1,1,2021-12-30T18:46:42Z
New Vexed,,1,,1,1,2021-12-30T18:46:42Z
NewEra,,3,,1,2,2021-12-30T18:46:42Z
NG Owl City,,3,,1,2,2021-12-30T18:46:42Z
Night Hawks,,4,,1,1,2021-12-30T18:46:42Z
NightHawks,,,,1,,2021-12-30T18:46:42Z
Ninja FIsh,,,,1,,2021-12-30T18:46:42Z
NL,,4,4,1,1,2021-12-30T18:46:42Z
No aim,,3,,1,1,2021-12-30T18:46:42Z
No Ego,,3,,1,1,2021-12-30T18:46:42Z
No Ice,,,,1,,2021-12-30T18:46:42Z
No Remorse,,1,,1,1,2021-12-30T18:46:42Z
No se sabe TEAM!,,2,,1,1,2021-12-30T18:46:42Z
No Shields,,3,,1,1,2021-12-30T18:46:42Z
No Signal v3,,2,4,1,1,2021-12-30T18:46:42Z
Noble eSports,,9,4,1,4,2021-12-30T18:46:42Z
Noobs,,3,6,1,1,2021-12-30T18:46:42Z
North of 49,,,,1,,2021-12-30T18:46:42Z
Northwood,,3,4,1,1,2021-12-30T18:46:42Z
Not Dying Soon,,,,1,,2021-12-30T18:46:42Z
Notorious Four,,,,1,,2021-12-30T18:46:42Z
NPC,,5,12,1,1,2021-12-30T18:46:42Z
nTice Esports,,,,1,,2021-12-30T18:46:42Z
nWo,,,,1,,2021-12-30T18:46:42Z
Nwp,,,,1,,2021-12-30T18:46:42Z
Octagon's Very Own,,2,,1,1,2021-12-30T18:46:42Z
Ogre's Practice Noobs,,,,1,,2021-12-30T18:46:42Z
OGRE1/Saiyan,,,,1,,2021-12-30T18:46:42Z
OGRE2/Gestapo,,,,1,,2021-12-30T18:46:42Z
OhMyDays,,2,4,1,1,2021-12-30T18:46:42Z
Ola Sapapaya,,1,,1,1,2021-12-30T18:46:42Z
OLYD,,4,,1,1,2021-12-30T18:46:42Z
Olympus Esports,,,,1,,2021-12-30T18:46:42Z
Ominous Gaming,,1,,1,1,2021-12-30T18:46:42Z
Omni eSports,,5,,1,1,2021-12-30T18:46:42Z
Omnius Gaming,,4,,1,1,2021-12-30T18:46:42Z
Omojo Gaming,,3,7,1,1,2021-12-30T18:46:42Z
One Gaming Esports,,3,6,1,1,2021-12-30T18:46:42Z
One Last Ride,,5,,1,1,2021-12-30T18:46:42Z
One Time,,5,,1,1,2021-12-30T18:46:42Z
Online Warriors,,4,,1,1,2021-12-30T18:46:42Z
OnlyGoat,,2,,1,1,2021-12-30T18:46:42Z
Onslaught Esports,,,,1,,2021-12-30T18:46:42Z
Oompa Loompas,,4,8,1,1,2021-12-30T18:46:42Z
OpG,,1,,1,1,2021-12-30T18:46:42Z
Orcos de Mordor,,1,,1,1,2021-12-30T18:46:42Z
Ordo Equitum,,3,,1,2,2021-12-30T18:46:42Z
ORTRHA,,,,1,,2021-12-30T18:46:42Z
Osprey Esports,,,,1,,2021-12-30T18:46:42Z
Osprey Gaming,,5,,1,2,2021-12-30T18:46:42Z
OutCold Gaming,,1,,1,1,2021-12-30T18:46:42Z
Overdrive,,,,1,,2021-12-30T18:46:42Z
OverDrive,,1,,1,1,2021-12-30T18:46:42Z
Overhaul Esports,,2,,1,1,2021-12-30T18:46:42Z
Overpower,,,,1,,2021-12-30T18:46:42Z
Oxygen SUpremacy,https://liquipedia.net/halo/Oxygen_Supremacy,,,1,,2021-12-30T18:46:42Z
PANDA Gaming Team,,3,,1,1,2021-12-30T18:46:42Z
Panucho Army,,4,8,1,1,2021-12-30T18:46:42Z
Paper Champs,,4,,1,1,2021-12-30T18:46:42Z
Parabola,,,,1,,2021-12-30T18:46:42Z
Paradox Gaming,https://liquipedia.net/halo/Paradox_Gaming,1,,1,1,2021-12-30T18:46:42Z
pepega squad unchained,,2,,1,1,2021-12-30T18:46:42Z
Phantom Troupe,,2,5,1,1,2021-12-30T18:46:42Z
Phobia,,1,,1,1,2021-12-30T18:46:42Z
pickups,,2,4,1,1,2021-12-30T18:46:42Z
Pioneers,https://liquipedia.net/halo/Pioneers,27,57,1,5,2021-12-30T18:46:42Z
Plumbus Pals,,1,,1,1,2021-12-30T18:46:42Z
PMS Alpha,,,,1,,2021-12-30T18:46:42Z
PMS Beta,,,,1,,2021-12-30T18:46:42Z
PoBO Esports,,,,1,,2021-12-30T18:46:42Z
Polaris Gaming,,4,7,1,1,2021-12-30T18:46:42Z
Poonyville,,2,,1,1,2021-12-30T18:46:42Z
Potent,,3,,1,1,2021-12-30T18:46:42Z
Potent Empire,,2,4,1,1,2021-12-30T18:46:42Z
Potential,,1,,1,1,2021-12-30T18:46:42Z
PR,,2,,1,1,2021-12-30T18:46:42Z
Prestige WW,,,,1,,2021-12-30T18:46:42Z
Prime eSports,,2,,1,1,2021-12-30T18:46:42Z
Prometheans,,6,,1,1,2021-12-30T18:46:42Z
Prospect,,2,,1,1,2021-12-30T18:46:42Z
Pryde,,3,,1,1,2021-12-30T18:46:42Z
PSGD,,,,1,,2021-12-30T18:46:42Z
Psychotic Gaming,https://liquipedia.net/halo/Psychotic_Gaming,3,11,1,1,2021-12-30T18:46:42Z
PsykoPahts Gaming,,,,1,,2021-12-30T18:46:42Z
PT Slayers,,3,3,1,1,2021-12-30T18:46:42Z
Pub Krawl,,3,,1,1,2021-12-30T18:46:42Z
Puckett & Anakin,,,,1,,2021-12-30T18:46:42Z
PULSATE,,1,,1,1,2021-12-30T18:46:42Z
Pulse,https://liquipedia.net/halo/Pulse_Gaming,,,1,,2021-12-30T18:46:42Z
Purgatory,,2,,1,1,2021-12-30T18:46:42Z
Purple Rain,,2,,1,1,2021-12-30T18:46:42Z
PWN Stars,,,,1,,2021-12-30T18:46:42Z
Pyrettic & Vemzii,,2,,1,1,2021-12-30T18:46:42Z
Quadrant,https://liquipedia.net/halo/Quadrant,3,12,1,1,2021-12-30T18:46:42Z
Rage Slayer,,1,,1,1,2021-12-30T18:46:42Z
Raleighbound,,1,2,1,1,2021-12-30T18:46:42Z
RanaldosCheeks,,,,1,,2021-12-30T18:46:42Z
Rang Gang,,1,,1,1,2021-12-30T18:46:42Z
Rated Gaming,,,,1,,2021-12-30T18:46:42Z
RavioliLovers,,1,2,1,1,2021-12-30T18:46:42Z
RB Uprising,,2,,1,1,2021-12-30T18:46:42Z
Realist Tins,,2,,1,1,2021-12-30T18:46:42Z
Reason Gaming,,1,2,1,1,2021-12-30T18:46:42Z
Rectify Esports,,3,,1,1,2021-12-30T18:46:42Z
Red-Eyed Jedi,,1,,1,1,2021-12-30T18:46:42Z
Red Lunatics,,1,,1,1,2021-12-30T18:46:42Z
Reformed,,2,5,1,1,2021-12-30T18:46:42Z
Reign 812,,6,,1,1,2021-12-30T18:46:42Z
Replayed,,1,2,1,1,2021-12-30T18:46:42Z
Resurge,,1,,1,1,2021-12-30T18:46:42Z
Retro Commando,,2,,1,1,2021-12-30T18:46:42Z
Revive Nation,,1,,1,1,2021-12-30T18:46:42Z
ReVoluTioN,,,,1,,2021-12-30T18:46:42Z
Riot Gaming,,4,8,1,1,2021-12-30T18:46:42Z
RIP,,3,,1,1,2021-12-30T18:46:42Z
Rise of Tina,,,,1,,2021-12-30T18:46:42Z
Rising eSports,,1,,1,1,2021-12-30T18:46:42Z
Rivalry Esports,,1,,1,1,2021-12-30T18:46:42Z
ROC,,,,1,,2021-12-30T18:46:42Z
ROChavefun,,3,,1,1,2021-12-30T18:46:42Z
Rock Block,,,,1,,2021-12-30T18:46:42Z
RoS,,,,1,,2021-12-30T18:46:42Z
Royal Marines,,1,,1,1,2021-12-30T18:46:42Z
Royal2 & SnakeBite,,1,,1,1,2021-12-30T18:46:42Z
Royalty Gaming,,,,1,,2021-12-30T18:46:42Z
RoyBox,,1,,1,1,2021-12-30T18:46:42Z
Rsports,,,,1,,2021-12-30T18:46:42Z
Run ur pockets,,1,2,1,1,2021-12-30T18:46:42Z
runeskape4lyf,,1,,1,1,2021-12-30T18:46:42Z
Ryders,,,,1,,2021-12-30T18:46:42Z
Ryerson,,6,9,1,1,2021-12-30T18:46:42Z
S.W.I.Y.P. Team,,2,,1,1,2021-12-30T18:46:42Z
SA,,,,1,,2021-12-30T18:46:42Z
SadBoys,,,,1,,2021-12-30T18:46:42Z
Sage eSports,https://liquipedia.net/halo/Sage_eSports,3,,1,2,2021-12-30T18:46:42Z
Sage Esports,https://liquipedia.net/halo/Sage_eSports,,,1,,2021-12-30T18:46:42Z
SaltE,,2,,1,1,2021-12-30T18:46:42Z
Sanguine,,2,4,1,1,2021-12-30T18:46:42Z
SapiencE,,,,1,,2021-12-30T18:46:42Z
Sauce,,5,,1,1,2021-12-30T18:46:42Z
Scaryotic,,1,,1,1,2021-12-30T18:46:42Z
Scorched Esports,,3,8,1,1,2021-12-30T18:46:42Z
Se7en/Laughfer,,,,1,,2021-12-30T18:46:42Z
Self Proclaimed,,4,,1,1,2021-12-30T18:46:42Z
Sense of Being,,,,1,,2021-12-30T18:46:42Z
Serious 69d,,2,,1,1,2021-12-30T18:46:42Z
Serious Gamers,,4,8,1,1,2021-12-30T18:46:42Z
Severance,,,,1,,2021-12-30T18:46:42Z
Shady Halo Kids,,1,,1,1,2021-12-30T18:46:42Z
SharkPort,,1,,1,1,2021-12-30T18:46:42Z
Shook On3 Gaming,,9,,1,3,2021-12-30T18:46:42Z
Shoot Back,,,,1,,2021-12-30T18:46:42Z
Shoot with a purpose,,2,,1,1,2021-12-30T18:46:42Z
Sicka Than Yo Average,,4,,1,1,2021-12-30T18:46:42Z
Sign Us Please,,2,4,1,1,2021-12-30T18:46:42Z
Silent Skill,,1,,1,1,2021-12-30T18:46:42Z
Simplicity Esports,,3,,1,1,2021-12-30T18:46:42Z
Simply Defiance,,2,,1,1,2021-12-30T18:46:42Z
Sin & Link,,,,1,,2021-12-30T18:46:42Z
Sin Juego Slido,,1,,1,1,2021-12-30T18:46:42Z
SKE,,6,,1,1,2021-12-30T18:46:42Z
Skull,,,,1,,2021-12-30T18:46:42Z
SKZY Gaming,,,,1,,2021-12-30T18:46:42Z
Slayed,,2,,1,1,2021-12-30T18:46:42Z
Slytherin,,1,,1,1,2021-12-30T18:46:42Z
SneakeazY,,1,,1,1,2021-12-30T18:46:42Z
Some Cod Kids,,2,,1,1,2021-12-30T18:46:42Z
SOND,,,,1,,2021-12-30T18:46:42Z
Sonyx Ghost,,2,,1,1,2021-12-30T18:46:42Z
Soul,,3,,1,1,2021-12-30T18:46:42Z
Southern Elites,,,,1,,2021-12-30T18:46:42Z
Spacestation,https://liquipedia.net/halo/Spacestation_Gaming,22,45,1,5,2021-12-30T18:46:42Z
Split Decision,,,,1,,2021-12-30T18:46:42Z
SPS,,6,12,1,1,2021-12-30T18:46:42Z
Squad,,3,7,1,1,2021-12-30T18:46:42Z
Squadios,,6,,1,1,2021-12-30T18:46:42Z
SQUADRON,,3,6,1,1,2021-12-30T18:46:42Z
Squids,,,,1,,2021-12-30T18:46:42Z
Squire Squad,,1,,1,1,2021-12-30T18:46:42Z
SquirtleSquad,,2,,1,1,2021-12-30T18:46:42Z
SSK,,,,1,,2021-12-30T18:46:42Z
St. Edward's,,2,2,1,1,2021-12-30T18:46:42Z
St. Mary's University,,6,6,1,2,2021-12-30T18:46:42Z
Stahn has 6hrs,,4,9,1,1,2021-12-30T18:46:42Z
StelluR & Penguin,,3,,1,1,2021-12-30T18:46:42Z
STFeSports,,2,,1,1,2021-12-30T18:46:42Z
Stinky Duo,,3,,1,1,2021-12-30T18:46:42Z
Storm Killers,,,,1,,2021-12-30T18:46:42Z
strafe x,,2,4,1,1,2021-12-30T18:46:42Z
Straight Rival,,2,,1,1,2021-12-30T18:46:42Z
Strike X,,3,8,1,1,2021-12-30T18:46:42Z
Strikes Again,,2,,1,1,2021-12-30T18:46:42Z
Stush Gaming,,2,,1,1,2021-12-30T18:46:42Z
Sudden Death,,3,,1,1,2021-12-30T18:46:42Z
Suicidal Army,,,,1,,2021-12-30T18:46:42Z
Supa Washed,,1,,1,1,2021-12-30T18:46:42Z
Surgical Strike,,1,,1,1,2021-12-30T18:46:42Z
Swift Sense,,5,10,1,1,2021-12-30T18:46:42Z
Swindlers,,,,1,,2021-12-30T18:46:42Z
SwitzerFrance,,3,6,1,1,2021-12-30T18:46:42Z
SZKY Gaming,,6,14,1,2,2021-12-30T18:46:42Z
T Bagging Crew,,,,1,,2021-12-30T18:46:42Z
T4 PROTOX,,,,1,,2021-12-30T18:46:42Z
Tacosalpastor,,3,7,1,1,2021-12-30T18:46:42Z
Take Two,,3,,1,1,2021-12-30T18:46:42Z
TBD,,7,16,1,1,2021-12-30T18:46:42Z
Tea n Crumpets,,,,1,,2021-12-30T18:46:42Z
Team 3D 2,,,,1,,2021-12-30T18:46:42Z
Team Ambition,,3,7,1,1,2021-12-30T18:46:42Z
Team Argo,,3,,1,1,2021-12-30T18:46:42Z
Team Autumn,,,,1,,2021-12-30T18:46:42Z
Team BiiTTERSWEET,,,,1,,2021-12-30T18:46:42Z
Team Blue,,,,1,,2021-12-30T18:46:42Z
Team Breadatarian,,2,4,1,1,2021-12-30T18:46:42Z
Team Callidus,,,,1,,2021-12-30T18:46:42Z
Team Carnage,,1,,1,1,2021-12-30T18:46:42Z
Team CDNThe3rd,,,,1,,2021-12-30T18:46:42Z
Team Chaotic,,5,,1,2,2021-12-30T18:46:42Z
Team Clayster,,,,1,,2021-12-30T18:46:42Z
Team Copium,,2,,1,1,2021-12-30T18:46:42Z
Team Covent,,,,1,,2021-12-30T18:46:42Z
Team Dante,,,,1,,2021-12-30T18:46:42Z
Team Dash65,,3,7,1,1,2021-12-30T18:46:42Z
Team Divinity,,,,1,,2021-12-30T18:46:42Z
Team Dr Disrespect,,,,1,,2021-12-30T18:46:42Z
Team DrLupo,,,,1,,2021-12-30T18:46:42Z
Team E1,,,,1,,2021-12-30T18:46:42Z
Team Echidna,,,,1,,2021-12-30T18:46:42Z
Team Electrified,,1,,1,1,2021-12-30T18:46:42Z
Team Envy,https://liquipedia.net/halo/Team_EnVyUs,23,31,1,8,2021-12-30T18:46:42Z
Team Frosty,,,,1,,2021-12-30T18:46:42Z
Team Gideon,,2,,1,1,2021-12-30T18:46:42Z
Team HALOGEN,,3,,1,1,2021-12-30T18:46:42Z
Team Hitch,,,,1,,2021-12-30T18:46:42Z
Team Ignition,,1,,1,1,2021-12-30T18:46:42Z
Team Impact MX,,1,,1,1,2021-12-30T18:46:42Z
Team IncessanTT,,1,,1,1,2021-12-30T18:46:42Z
Team Infinite,,4,9,1,1,2021-12-30T18:46:42Z
Team Inverted,,3,,1,1,2021-12-30T18:46:42Z
Team Jake'N'Bake,,,,1,,2021-12-30T18:46:42Z
Team Jared,,,,1,,2021-12-30T18:46:42Z
Team Jonnoder,,2,,1,1,2021-12-30T18:46:42Z
Team Kliffo,,1,2,1,1,2021-12-30T18:46:42Z
Team KSI,,2,,1,1,2021-12-30T18:46:42Z
Team Leftovers,,1,,1,1,2021-12-30T18:46:42Z
Team LEGIQN,,,,1,,2021-12-30T18:46:42Z
Team Lobsters,,2,,1,1,2021-12-30T18:46:42Z
Team MissLehcar,,,,1,,2021-12-30T18:46:42Z
Team Myth,,,,1,,2021-12-30T18:46:42Z
Team Nade,,3,,1,1,2021-12-30T18:46:42Z
Team NewZeaLANd,,3,7,1,1,2021-12-30T18:46:42Z
Team NICMERCS,,,,1,,2021-12-30T18:46:42Z
Team Paradise,,2,7,1,1,2021-12-30T18:46:42Z
Team PBR,,,,1,,2021-12-30T18:46:42Z
Team Phreaks,,5,10,1,1,2021-12-30T18:46:42Z
Team PiLEZ,,4,,1,1,2021-12-30T18:46:42Z
Team Plasma,,2,4,1,1,2021-12-30T18:46:42Z
Team Rated,,,,1,,2021-12-30T18:46:42Z
Team Red,,,,1,,2021-12-30T18:46:42Z
Team Saint,,2,,1,1,2021-12-30T18:46:42Z
Team Sirox,,,,1,,2021-12-30T18:46:42Z
Team SKYer,,,,1,,2021-12-30T18:46:42Z
Team Skyfire,https://liquipedia.net/halo/Team_Skyfire,,,1,,2021-12-30T18:46:42Z
Team SMOG,,2,4,1,1,2021-12-30T18:46:42Z
Team Solsitce,,,,1,,2021-12-30T18:46:42Z
Team Solstice,,4,,1,2,2021-12-30T18:46:42Z
Team Squared,,,,1,,2021-12-30T18:46:42Z
Team Static,,2,,1,1,2021-12-30T18:46:42Z
Team Str8 SicK,,,,1,,2021-12-30T18:46:42Z
Team Suddoth 1,,,,1,,2021-12-30T18:46:42Z
Team summit1g,,,,1,,2021-12-30T18:46:42Z
Team TBD,,1,,1,1,2021-12-30T18:46:42Z
Team Thermaltake,,,,1,,2021-12-30T18:46:42Z
Team TiLT,,2,4,1,1,2021-12-30T18:46:42Z
Team Timy,,2,,1,1,2021-12-30T18:46:42Z
Team Tommey,,,,1,,2021-12-30T18:46:42Z
Team Virus,,1,,1,1,2021-12-30T18:46:42Z
Team VT,,,,1,,2021-12-30T18:46:42Z
Team WRATH,,1,,1,1,2021-12-30T18:46:42Z
Team Zentreya,,,,1,,2021-12-30T18:46:42Z
Team Zero,,,,1,,2021-12-30T18:46:42Z
TeamOVERCONFIDENCEumad,,1,,1,1,2021-12-30T18:46:42Z
TempZ Gaming,,2,,1,1,2021-12-30T18:46:42Z
TERA Soldiers,,1,,1,1,2021-12-30T18:46:42Z
Terminal 4,,,,1,,2021-12-30T18:46:42Z
Testing,,1,,1,1,2021-12-30T18:46:42Z
Texas A&M,,6,11,1,1,2021-12-30T18:46:42Z
Texas Jimmies,,,,1,,2021-12-30T18:46:42Z
TFG,,3,,1,1,2021-12-30T18:46:42Z
TH,,1,3,1,1,2021-12-30T18:46:42Z
TH101,,,,1,,2021-12-30T18:46:42Z
The A Team,,,,1,,2021-12-30T18:46:42Z
The Alley,,3,7,1,1,2021-12-30T18:46:42Z
The Amazing Butterflies,,,,1,,2021-12-30T18:46:42Z
The Aquarium,,4,,1,1,2021-12-30T18:46:42Z
The Balancing Act,,2,,1,1,2021-12-30T18:46:42Z
The Boogeymen,,,,1,,2021-12-30T18:46:42Z
The Business,,,,1,,2021-12-30T18:46:42Z
The Dark Horse,,1,,1,1,2021-12-30T18:46:42Z
The Dream Team 2,,,,1,,2021-12-30T18:46:42Z
The Fellas,,2,,1,1,2021-12-30T18:46:42Z
The Goobers,,3,,1,1,2021-12-30T18:46:42Z
The Good Life,,,,1,,2021-12-30T18:46:42Z
The Ground Pound,,2,4,1,1,2021-12-30T18:46:42Z
The H Team,,2,,1,1,2021-12-30T18:46:42Z
The MoneyMatches Team,,,,1,,2021-12-30T18:46:42Z
The N3rds,,2,,1,1,2021-12-30T18:46:42Z
The Noisy Assassins,,3,,1,1,2021-12-30T18:46:42Z
the xoxers,,3,,1,1,2021-12-30T18:46:42Z
Therapy Works,,3,11,1,1,2021-12-30T18:46:42Z
Thermal Esports,,3,9,1,1,2021-12-30T18:46:42Z
TheSoulKinGz,,4,9,1,1,2021-12-30T18:46:42Z
Thompsing Bad,,,,1,,2021-12-30T18:46:42Z
Those Guys,,2,,1,1,2021-12-30T18:46:42Z
Three X Michael Jordan,,1,,1,1,2021-12-30T18:46:42Z
Thumbless,,4,9,1,1,2021-12-30T18:46:42Z
Tilted Towers,,1,,1,1,2021-12-30T18:46:42Z
Time 2 Prove,,2,,1,1,2021-12-30T18:46:42Z
TKT,,,,1,,2021-12-30T18:46:42Z
TmG,,,,1,,2021-12-30T18:46:42Z
Torment,,1,,1,1,2021-12-30T18:46:42Z
Toxic Spiders,,,,1,,2021-12-30T18:46:42Z
TPM,,5,12,1,2,2021-12-30T18:46:42Z
Tragic Solitude,,,,1,,2021-12-30T18:46:42Z
Trained By Takedown,,2,,1,1,2021-12-30T18:46:42Z
Transcendent Gaming,,2,6,1,1,2021-12-30T18:46:42Z
Trash Bros,,3,6,1,3,2021-12-30T18:46:42Z
TriggerDown,,1,,1,1,2021-12-30T18:46:42Z
Triggers Pound,,1,3,1,1,2021-12-30T18:46:42Z
TriPPPeY & Lucid,,4,,1,1,2021-12-30T18:46:42Z
True Fighters Gaming,,1,,1,1,2021-12-30T18:46:42Z
TsK Spain,,,,1,,2021-12-30T18:46:42Z
TTVSoyLiaRocha,,6,15,1,1,2021-12-30T18:46:42Z
Turning Point,,2,,1,1,2021-12-30T18:46:42Z
Twisted,,3,7,1,1,2021-12-30T18:46:42Z
Twisted Method,,1,,1,1,2021-12-30T18:46:42Z
TWIZTID,,2,,1,1,2021-12-30T18:46:42Z
Type-Z,,3,,1,1,2021-12-30T18:46:42Z
U.N.S.C HALO 5 Mexico,,1,,1,1,2021-12-30T18:46:42Z
U4X Esports,https://liquipedia.net/halo/U4X_Esports,,,1,,2021-12-30T18:46:42Z
Uber Fraggers,,1,,1,1,2021-12-30T18:46:42Z
UGK,,2,,1,1,2021-12-30T18:46:42Z
UIUC Orange,,3,6,1,1,2021-12-30T18:46:42Z
Uk Demon COL,,1,,1,1,2021-12-30T18:46:42Z
Ultra,,,,1,,2021-12-30T18:46:42Z
Ummm 2,,,,1,,2021-12-30T18:46:42Z
UNA Lions,,,,1,,2021-12-30T18:46:42Z
UNCW,,,,1,,2021-12-30T18:46:42Z
Under The Influence,,2,,1,1,2021-12-30T18:46:42Z
Underrated,,5,5,1,2,2021-12-30T18:46:42Z
Unemployed,,4,,1,1,2021-12-30T18:46:42Z
Universo 7 Win,,2,,1,1,2021-12-30T18:46:42Z
Unknown Soldiers,,1,,1,1,2021-12-30T18:46:42Z
Unlimited,,5,,1,1,2021-12-30T18:46:42Z
Unlovables,,2,,1,1,2021-12-30T18:46:42Z
UNSC COFFEE SUPPLIERS,,1,,1,1,2021-12-30T18:46:42Z
Unsung Heroes,,1,,1,1,2021-12-30T18:46:42Z
Up Next,,4,8,1,1,2021-12-30T18:46:42Z
Upgrade,,2,5,1,1,2021-12-30T18:46:42Z
UpRising,,3,,1,1,2021-12-30T18:46:42Z
Urbanity eSports,,,,1,,2021-12-30T18:46:42Z
USA,,3,,1,1,2021-12-30T18:46:42Z
USF Gold,,3,2,1,1,2021-12-30T18:46:42Z
USF Green,,2,4,1,1,2021-12-30T18:46:42Z
USF White,,2,4,1,1,2021-12-30T18:46:42Z
UTK Esports,,4,,1,1,2021-12-30T18:46:42Z
Valley Boys,,2,,1,1,2021-12-30T18:46:42Z
valpovo,,3,3,1,1,2021-12-30T18:46:42Z
VamosAlOxxoTEAM,,1,2,1,1,2021-12-30T18:46:42Z
Vanquish Gaming,,1,,1,1,2021-12-30T18:46:42Z
Vas' Avi,,6,,1,1,2021-12-30T18:46:42Z
VelociRaptors,,2,5,1,1,2021-12-30T18:46:42Z
Velvet Gaming,,2,,1,1,2021-12-30T18:46:42Z
Ventus,,6,,1,1,2021-12-30T18:46:42Z
Versus,,2,,1,1,2021-12-30T18:46:42Z
Victor Bravos,,4,9,1,1,2021-12-30T18:46:42Z
Victorious Secret,,2,,1,1,2021-12-30T18:46:42Z
Views From The Sticks,,5,17,1,1,2021-12-30T18:46:42Z
Viper Link,,,,1,,2021-12-30T18:46:42Z
Vital Gaming,,,,1,,2021-12-30T18:46:42Z
Volition Gaming,,,,1,,2021-12-30T18:46:42Z
VwS Dynamic,,1,,1,1,2021-12-30T18:46:42Z
VwS Legendary,,4,,1,1,2021-12-30T18:46:42Z
Walshy/Dragonspear,,,,1,,2021-12-30T18:46:42Z
Wangaratta Finest,,,,1,,2021-12-30T18:46:42Z
Warhawks,,1,,1,1,2021-12-30T18:46:42Z
Warriors OCE,,2,4,1,1,2021-12-30T18:46:42Z
Washed,,3,,1,1,2021-12-30T18:46:42Z
Wayne State College,,,,1,,2021-12-30T18:46:42Z
We The Legion,,2,,1,1,2021-12-30T18:46:42Z
Weedmaps Gaming,,3,11,1,1,2021-12-30T18:46:42Z
What Are The Buttons?,,,,1,,2021-12-30T18:46:42Z
whatever,,2,4,1,1,2021-12-30T18:46:42Z
White Lotus,,3,,1,1,2021-12-30T18:46:42Z
Windmillz,,2,,1,1,2021-12-30T18:46:42Z
Witchblades,,5,12,1,1,2021-12-30T18:46:42Z
Wonder Stag Esports,,1,,1,1,2021-12-30T18:46:42Z
WoS,,1,3,1,1,2021-12-30T18:46:42Z
WPI Crimson,,2,4,1,1,2021-12-30T18:46:42Z
Wrath,https://liquipedia.net/halo/Wrath,1,,1,1,2021-12-30T18:46:42Z
XboxFatboys,,5,13,1,1,2021-12-30T18:46:42Z
XCLUB2,,4,4,1,1,2021-12-30T18:46:42Z
XEO,,3,,1,1,2021-12-30T18:46:42Z
XGC Zone 6,,2,,1,1,2021-12-30T18:46:42Z
Xi,,3,6,1,1,2021-12-30T18:46:42Z
Xiled Gaming,,2,,1,1,2021-12-30T18:46:42Z
XiT WoundZ,,,,1,,2021-12-30T18:46:42Z
Xtournaments,,,,1,,2021-12-30T18:46:42Z
Y0,,1,2,1,1,2021-12-30T18:46:42Z
Yacht Club,,,,1,,2021-12-30T18:46:42Z
YACHT CLUB,,8,7,1,2,2021-12-30T18:46:42Z
YagSIPga,,,,1,,2021-12-30T18:46:42Z
YatZee's Fan Club,,,,1,,2021-12-30T18:46:42Z
Yay Area Finest,,,,1,,2021-12-30T18:46:42Z
Yolomeisters,,1,,1,1,2021-12-30T18:46:42Z
Yuh dads best m8,,,,1,,2021-12-30T18:46:42Z
zard,,,,1,,2021-12-30T18:46:42Z
Zealous eSports,,3,,1,1,2021-12-30T18:46:42Z
Zeddy n Co,,2,,1,1,2021-12-30T18:46:42Z
Zero2One,,1,,1,1,2021-12-30T18:46:42Z
Zone 6,,4,,1,1,2021-12-30T18:46:42Z
Fire N Ice,,74,63,,15,2021-12-30T18:46:42Z
3sUP Enterprises,,19,,,9,2021-12-30T18:46:42Z
FAB eSports,,27,35,,9,2021-12-30T18:46:42Z
Karma,,38,9,,9,2021-12-30T18:46:42Z
Walshy,,33,8,,9,2021-12-30T18:46:42Z
Fonzi,,30,7,,8,2021-12-30T18:46:42Z
Legit,,31,,,8,2021-12-30T18:46:42Z
KC Pioneers,,27,28,,7,2021-12-30T18:46:42Z
Luminosity,,20,23,,7,2021-12-30T18:46:42Z
Ogre 2,,26,6,,7,2021-12-30T18:46:42Z
StrongSide,,31,9,,7,2021-12-30T18:46:42Z
Cutting Edge,,14,,,6,2021-12-30T18:46:42Z
Naded,,24,,,6,2021-12-30T18:46:42Z
C9,,15,30,,5,2021-12-30T18:46:42Z
FBI Agency,,18,23,,5,2021-12-30T18:46:42Z
RNG,,15,42,,5,2021-12-30T18:46:42Z
ALG,,12,28,,4,2021-12-30T18:46:42Z
Cpt Anarchy,,9,3,,4,2021-12-30T18:46:42Z
EG,,13,31,,4,2021-12-30T18:46:42Z
eLv,,12,28,,4,2021-12-30T18:46:42Z
iM,,10,26,,4,2021-12-30T18:46:42Z
KCP,,12,21,,4,2021-12-30T18:46:42Z
Ogre 1,,15,7,,4,2021-12-30T18:46:42Z
TL,,11,25,,4,2021-12-30T18:46:42Z
CG,,9,,,3,2021-12-30T18:46:42Z
CLG,,9,29,,3,2021-12-30T18:46:42Z
Eli,,8,,,3,2021-12-30T18:46:42Z
Envy,,8,24,,3,2021-12-30T18:46:42Z
Epsi,,8,21,,3,2021-12-30T18:46:42Z
FAB,,7,16,,3,2021-12-30T18:46:42Z
FLY,,9,,,3,2021-12-30T18:46:42Z
FNI,,9,,,3,2021-12-30T18:46:42Z
GH057ayame,,11,2,,3,2021-12-30T18:46:42Z
Hali,,15,,,3,2021-12-30T18:46:42Z
ICE,,9,9,,3,2021-12-30T18:46:42Z
INF,,8,21,,3,2021-12-30T18:46:42Z
KillerN,,14,,,3,2021-12-30T18:46:42Z
Mock-It,,9,,,3,2021-12-30T18:46:42Z
OpTic,,8,28,,3,2021-12-30T18:46:42Z
Rated R,,5,10,,3,2021-12-30T18:46:42Z
SEN,,9,8,,3,2021-12-30T18:46:42Z
SPY,,8,16,,3,2021-12-30T18:46:42Z
Str8,,8,17,,3,2021-12-30T18:46:42Z
Velocity eSports,,7,6,,3,2021-12-30T18:46:42Z
Zyos,,7,,,3,2021-12-30T18:46:42Z
AF,,5,,,2,2021-12-30T18:46:42Z
Aspyre Ent.,,5,,,2,2021-12-30T18:46:42Z
Clockwork,,5,,,2,2021-12-30T18:46:42Z
CS,,6,12,,2,2021-12-30T18:46:42Z
Darkman,,6,,,2,2021-12-30T18:46:42Z
DNL,,6,17,,2,2021-12-30T18:46:42Z
dT,,6,13,,2,2021-12-30T18:46:42Z
EXODOS,,4,8,,2,2021-12-30T18:46:42Z
Falling,,6,,,2,2021-12-30T18:46:42Z
Force,,6,,,2,2021-12-30T18:46:42Z
Golden Dawn,,6,,,2,2021-12-30T18:46:42Z
In Control,,3,6,,2,2021-12-30T18:46:42Z
Insane OnFire,,3,3,,2,2021-12-30T18:46:42Z
MR,,6,,,2,2021-12-30T18:46:42Z
Name,,6,,,2,2021-12-30T18:46:42Z
NM,,6,,,2,2021-12-30T18:46:42Z
OE,,6,,,2,2021-12-30T18:46:42Z
Ottawa Braves,,11,17,,2,2021-12-30T18:46:42Z
PENTA,,5,9,,2,2021-12-30T18:46:42Z
PK,,6,,,2,2021-12-30T18:46:42Z
RBL,,6,,,2,2021-12-30T18:46:42Z
REC,,6,10,,2,2021-12-30T18:46:42Z
SK,,6,,,2,2021-12-30T18:46:42Z
SoaR,,5,9,,2,2021-12-30T18:46:42Z
Sonyx Fracture,,2,4,,2,2021-12-30T18:46:42Z
SY,,4,8,,2,2021-12-30T18:46:42Z
TOX,,6,10,,2,2021-12-30T18:46:42Z
UNA Purple,,6,7,,2,2021-12-30T18:46:42Z
UNC Wilmington,,5,6,,2,2021-12-30T18:46:42Z
VCU Esports,,8,10,,2,2021-12-30T18:46:42Z
WaldoX,,9,,,2,2021-12-30T18:46:42Z
x5,,5,13,,2,2021-12-30T18:46:42Z
xL,,5,10,,2,2021-12-30T18:46:42Z
-M-,,2,,,1,2021-12-30T18:46:42Z
[R],,3,3,,1,2021-12-30T18:46:42Z
2 Washed Duos,,1,3,,1,2021-12-30T18:46:42Z
3D,,4,4,,1,2021-12-30T18:46:42Z
7,,1,,,1,2021-12-30T18:46:42Z
ACE,,3,12,,1,2021-12-30T18:46:42Z
AcidiaN,,3,3,,1,2021-12-30T18:46:42Z
Alex,,1,,,1,2021-12-30T18:46:42Z
Almost,,1,,,1,2021-12-30T18:46:42Z
Alpha Dog,,2,,,1,2021-12-30T18:46:42Z
Alpha Gaming,,1,,,1,2021-12-30T18:46:42Z
Anaheim,,3,,,1,2021-12-30T18:46:42Z
Answer,,1,,,1,2021-12-30T18:46:42Z
AR,,3,3,,1,2021-12-30T18:46:42Z
Arkansas State,,3,,,1,2021-12-30T18:46:42Z
Armor Of God,,1,,,1,2021-12-30T18:46:42Z
Astral,,3,3,,1,2021-12-30T18:46:42Z
Awareness,,1,2,,1,2021-12-30T18:46:42Z
Barbarians,,1,2,,1,2021-12-30T18:46:42Z
BBB,,3,,,1,2021-12-30T18:46:42Z
BC,,3,9,,1,2021-12-30T18:46:42Z
beGenius,,4,,,1,2021-12-30T18:46:42Z
BH3 Esport,,1,2,,1,2021-12-30T18:46:42Z
BL,,3,,,1,2021-12-30T18:46:42Z
Boys,,3,9,,1,2021-12-30T18:46:42Z
BSK,,3,11,,1,2021-12-30T18:46:42Z
BT,,3,,,1,2021-12-30T18:46:42Z
Burning Head,,1,,,1,2021-12-30T18:46:42Z
Bye Bye Noobs,,2,,,1,2021-12-30T18:46:42Z
Callidus⁠,,3,,,1,2021-12-30T18:46:42Z
Cancun,,1,2,,1,2021-12-30T18:46:42Z
Censored,,3,,,1,2021-12-30T18:46:42Z
CG Black,,3,,,1,2021-12-30T18:46:42Z
Chiefs,,3,10,,1,2021-12-30T18:46:42Z
Cintanegra Jaimes,,1,,,1,2021-12-30T18:46:42Z
CinteNegra,,2,,,1,2021-12-30T18:46:42Z
CinteNegra X,,1,,,1,2021-12-30T18:46:42Z
Citadel,,2,3,,1,2021-12-30T18:46:42Z
cL,,3,,,1,2021-12-30T18:46:42Z
Cloud,,6,,,1,2021-12-30T18:46:42Z
Club AguilaZzZz,,1,2,,1,2021-12-30T18:46:42Z
Converse,,2,,,1,2021-12-30T18:46:42Z
Corosi0n,,2,,,1,2021-12-30T18:46:42Z
CP,,2,7,,1,2021-12-30T18:46:42Z
Cpt ANarchy,,2,2,,1,2021-12-30T18:46:42Z
Demonz,,1,2,,1,2021-12-30T18:46:42Z
DIG,,2,,,1,2021-12-30T18:46:42Z
Djethek,,1,,,1,2021-12-30T18:46:42Z
E1,,4,4,,1,2021-12-30T18:46:42Z
EBN,,3,,,1,2021-12-30T18:46:42Z
EGIF,,3,,,1,2021-12-30T18:46:42Z
Epic Mexican,,1,2,,1,2021-12-30T18:46:42Z
ESG,,3,,,1,2021-12-30T18:46:42Z
Esports IPN,,3,6,,1,2021-12-30T18:46:42Z
eU,,3,11,,1,2021-12-30T18:46:42Z
ExG,,3,,,1,2021-12-30T18:46:42Z
Exiled Gaming,,5,,,1,2021-12-30T18:46:42Z
EXO,,1,,,1,2021-12-30T18:46:42Z
FA,,3,,,1,2021-12-30T18:46:42Z
Fable,,3,12,,1,2021-12-30T18:46:42Z
FactoR,,4,,,1,2021-12-30T18:46:42Z
FaZe,,3,10,,1,2021-12-30T18:46:42Z
FF,,3,,,1,2021-12-30T18:46:42Z
Finest,,1,2,,1,2021-12-30T18:46:42Z
Floz Gaming,,1,2,,1,2021-12-30T18:46:42Z
FOnzi,,1,,,1,2021-12-30T18:46:42Z
Forerunners,,2,5,,1,2021-12-30T18:46:42Z
FoSsik,,4,,,1,2021-12-30T18:46:42Z
FP1,,3,,,1,2021-12-30T18:46:42Z
FQ,,3,,,1,2021-12-30T18:46:42Z
Funky Punkys,,3,,,1,2021-12-30T18:46:42Z
G-SpOt,,3,,,1,2021-12-30T18:46:42Z
G2,,3,11,,1,2021-12-30T18:46:42Z
General,,1,,,1,2021-12-30T18:46:42Z
GG,,3,2,,1,2021-12-30T18:46:42Z
Gizmo,,1,,,1,2021-12-30T18:46:42Z
God Squad,,1,,,1,2021-12-30T18:46:42Z
Good Old Times,,1,2,,1,2021-12-30T18:46:42Z
Grand View,,3,,,1,2021-12-30T18:46:42Z
H1S,,3,3,,1,2021-12-30T18:46:42Z
Halo Homeboys,,1,2,,1,2021-12-30T18:46:42Z
HeadHunters,,1,2,,1,2021-12-30T18:46:42Z
Hell-IX,,2,4,,1,2021-12-30T18:46:42Z
Hexteck,,1,2,,1,2021-12-30T18:46:42Z
HighStakes,,1,3,,1,2021-12-30T18:46:42Z
HTC,,3,3,,1,2021-12-30T18:46:42Z
Hulk,,3,,,1,2021-12-30T18:46:42Z
Hydra Gaming Mx,,2,4,,1,2021-12-30T18:46:42Z
HyperBoom Esports,,1,,,1,2021-12-30T18:46:42Z
Hysteria,,4,,,1,2021-12-30T18:46:42Z
I'm going bald,,4,,,1,2021-12-30T18:46:42Z
iMA,,3,,,1,2021-12-30T18:46:42Z
IMPR,,2,,,1,2021-12-30T18:46:42Z
InC,,3,,,1,2021-12-30T18:46:42Z
Indy CC,,3,,,1,2021-12-30T18:46:42Z
Infine Carmesi,,2,,,1,2021-12-30T18:46:42Z
InfiniteTragedy,,1,2,,1,2021-12-30T18:46:42Z
Insanity,,3,7,,1,2021-12-30T18:46:42Z
IOF,,3,3,,1,2021-12-30T18:46:42Z
JL,,3,,,1,2021-12-30T18:46:42Z
Juniata College,,2,,,1,2021-12-30T18:46:42Z
Keiser Lakeland,,3,,,1,2021-12-30T18:46:42Z
KING,,3,,,1,2021-12-30T18:46:42Z
Krogana,,3,,,1,2021-12-30T18:46:42Z
LASO,,5,,,1,2021-12-30T18:46:42Z
LC,,2,6,,1,2021-12-30T18:46:42Z
LegitKillers,,1,2,,1,2021-12-30T18:46:42Z
LG,,2,6,,1,2021-12-30T18:46:42Z
Liberty Flames,,2,,,1,2021-12-30T18:46:42Z
Los maris,,3,6,,1,2021-12-30T18:46:42Z
LUX,,3,,,1,2021-12-30T18:46:42Z
LuxGaming,,3,,,1,2021-12-30T18:46:42Z
M202,,1,,,1,2021-12-30T18:46:42Z
Make The Switch,,3,6,,1,2021-12-30T18:46:42Z
Make2theshifts,,1,2,,1,2021-12-30T18:46:42Z
MB,,3,,,1,2021-12-30T18:46:42Z
memeMachines,,1,2,,1,2021-12-30T18:46:42Z
MenofHalo,,1,2,,1,2021-12-30T18:46:42Z
Mentality,,3,,,1,2021-12-30T18:46:42Z
Merciless,,2,,,1,2021-12-30T18:46:42Z
MF,,3,9,,1,2021-12-30T18:46:42Z
MFP,,1,2,,1,2021-12-30T18:46:42Z
Mississippi State,,3,,,1,2021-12-30T18:46:42Z
Molesitos Infine,,3,,,1,2021-12-30T18:46:42Z
MoneyMatches,,2,,,1,2021-12-30T18:46:42Z
MSG,,1,2,,1,2021-12-30T18:46:42Z
Myztro,,3,9,,1,2021-12-30T18:46:42Z
NARI,,1,2,,1,2021-12-30T18:46:42Z
NAVI,,3,12,,1,2021-12-30T18:46:42Z
NBL,,3,7,,1,2021-12-30T18:46:42Z
Neighbor,,2,,,1,2021-12-30T18:46:42Z
Neighbot,,1,,,1,2021-12-30T18:46:42Z
Nemesis,,3,,,1,2021-12-30T18:46:42Z
NICE,,3,,,1,2021-12-30T18:46:42Z
Nicu,,1,,,1,2021-12-30T18:46:42Z
Nighthawks,,6,,,1,2021-12-30T18:46:42Z
Ninja Fish,,3,,,1,2021-12-30T18:46:42Z
NRD,,3,,,1,2021-12-30T18:46:42Z
nTice eSports,,1,3,,1,2021-12-30T18:46:42Z
NUTT ALOT,,1,,,1,2021-12-30T18:46:42Z
O2,,3,9,,1,2021-12-30T18:46:42Z
OD,,3,6,,1,2021-12-30T18:46:42Z
OGRE1,,1,,,1,2021-12-30T18:46:42Z
One Direction,,1,2,,1,2021-12-30T18:46:42Z
OnSlaught Esports,,2,,,1,2021-12-30T18:46:42Z
OXG,,3,11,,1,2021-12-30T18:46:42Z
Paradox,,3,,,1,2021-12-30T18:46:42Z
PDT,,3,,,1,2021-12-30T18:46:42Z
Pg-13,,4,,,1,2021-12-30T18:46:42Z
Pistola,,4,,,1,2021-12-30T18:46:42Z
Play 4 Fun,,1,,,1,2021-12-30T18:46:42Z
Plumbers Inc,,1,2,,1,2021-12-30T18:46:42Z
PoBOEsports,,4,8,,1,2021-12-30T18:46:42Z
PsykoPaths Gaming,,4,13,,1,2021-12-30T18:46:42Z
PuLse,,2,,,1,2021-12-30T18:46:42Z
QR,,3,,,1,2021-12-30T18:46:42Z
QUAD,,3,9,,1,2021-12-30T18:46:42Z
Quasar,,1,,,1,2021-12-30T18:46:42Z
QuestionReality,,3,6,,1,2021-12-30T18:46:42Z
RandomCoDPlayer,,1,2,,1,2021-12-30T18:46:42Z
Rang,,3,,,1,2021-12-30T18:46:42Z
Ranked Gang,,1,2,,1,2021-12-30T18:46:42Z
Rapture Nyx,,4,,,1,2021-12-30T18:46:42Z
Reclamation,,6,,,1,2021-12-30T18:46:42Z
Rise of Tuna,,3,6,,1,2021-12-30T18:46:42Z
RM,,3,,,1,2021-12-30T18:46:42Z
Rotten,,1,2,,1,2021-12-30T18:46:42Z
Rowlf,,1,,,1,2021-12-30T18:46:42Z
RVN,,2,,,1,2021-12-30T18:46:42Z
San Diego State,,2,,,1,2021-12-30T18:46:42Z
SB,,3,,,1,2021-12-30T18:46:42Z
Scarlet Halo,,1,,,1,2021-12-30T18:46:42Z
scoobygang,,1,2,,1,2021-12-30T18:46:42Z
Shizz,,2,,,1,2021-12-30T18:46:42Z
Silverson,,1,,,1,2021-12-30T18:46:42Z
SilverSon,,2,,,1,2021-12-30T18:46:42Z
SKF,,3,9,,1,2021-12-30T18:46:42Z
SKYer,,2,,,1,2021-12-30T18:46:42Z
Smiley Gang,,1,2,,1,2021-12-30T18:46:42Z
Soviet,,4,,,1,2021-12-30T18:46:42Z
Spartans,,1,2,,1,2021-12-30T18:46:42Z
Spiders,,3,,,1,2021-12-30T18:46:42Z
Spread Eagle,,1,,,1,2021-12-30T18:46:42Z
SQ,,3,,,1,2021-12-30T18:46:42Z
SSG,,3,11,,1,2021-12-30T18:46:42Z
StrangePurple,,2,,,1,2021-12-30T18:46:42Z
Strongachu,,1,2,,1,2021-12-30T18:46:42Z
sTw,,3,,,1,2021-12-30T18:46:42Z
Supreme Royale,,1,2,,1,2021-12-30T18:46:42Z
T1,,1,2,,1,2021-12-30T18:46:42Z
TDH,,2,,,1,2021-12-30T18:46:42Z
Tea-Party Raiders,,1,,,1,2021-12-30T18:46:42Z
Tea N Crumpets,,4,,,1,2021-12-30T18:46:42Z
Team Clutch Case,,1,2,,1,2021-12-30T18:46:42Z
Team H2K,,1,,,1,2021-12-30T18:46:42Z
Team Urameshi,,1,,,1,2021-12-30T18:46:42Z
Temporary Pioneers,,4,3,,1,2021-12-30T18:46:42Z
The Doods,,3,,,1,2021-12-30T18:46:42Z
TimeliestBrute,,3,,,1,2021-12-30T18:46:42Z
TP,,3,8,,1,2021-12-30T18:46:42Z
TPshAnkey,,3,,,1,2021-12-30T18:46:42Z
TR,,2,4,,1,2021-12-30T18:46:42Z
TRDL,,3,,,1,2021-12-30T18:46:42Z
Trifecta,,3,,,1,2021-12-30T18:46:42Z
Trying,,3,7,,1,2021-12-30T18:46:42Z
Urbanity Esports,,2,,,1,2021-12-30T18:46:42Z
UTC Mocs,,2,,,1,2021-12-30T18:46:42Z
VerticalSplyce,,2,,,1,2021-12-30T18:46:42Z
Vexed,,3,9,,1,2021-12-30T18:46:42Z
ViNCO,,2,,,1,2021-12-30T18:46:42Z
Vitality,,2,,,1,2021-12-30T18:46:42Z
Warnation,,1,2,,1,2021-12-30T18:46:42Z
Wayne State Gold,,2,,,1,2021-12-30T18:46:42Z
Weezy,,1,,,1,2021-12-30T18:46:42Z
WFX,,3,,,1,2021-12-30T18:46:42Z
WG,,2,,,1,2021-12-30T18:46:42Z
Wise,,3,10,,1,2021-12-30T18:46:42Z
Wolves,,3,,,1,2021-12-30T18:46:42Z
WSC Gold,,2,,,1,2021-12-30T18:46:42Z
WSC Halo,,4,,,1,2021-12-30T18:46:42Z
YesWeAreNerds,,1,3,,1,2021-12-30T18:46:42Z
Zard,,3,3,,1,2021-12-30T18:46:42Z
