tier,title,name,game,url,start_date,end_date,is_multi_day,prize,region,location,n_participants,first_place,second_place,first_place_abbrv,second_place_abbrv,first_place_has_page,second_place_has_page,scrape_time
S,2022,Halo World Championship 2022,Halo Infinite,https://liquipedia.net/halo/Halo_World_Championship/2022,2022-10-20,2022-10-23,TRUE,1000000,United States,"Seattle, United States",NA,NA,NA,NA,NA,NA,NA,2021-12-30T14:52:33Z
S,2019,Halo Championship Series Invitational 2019,Halo 3,https://liquipedia.net/halo/Halo_Championship_Series/Invitational/2019,2019-03-15,2019-03-17,TRUE,100000,United States,"Austin, United States",6,Team Reciprocity,TOX Gaming,REC,TOX,FALSE,FALSE,2021-12-30T14:52:33Z
S,2018,Halo Championship Series 2018 Finals,Halo 5: Guardians,https://liquipedia.net/halo/Halo_Championship_Series/2018/Finals,2018-11-16,2018-11-18,TRUE,300000,United States,"Atlanta, United States",20,TOX Gaming,Team Reciprocity,TOX,REC,FALSE,FALSE,2021-12-30T14:52:33Z
S,2018,Halo World Championship 2018,Halo 5: Guardians,https://liquipedia.net/halo/Halo_World_Championship/2018,2018-04-13,2018-04-15,TRUE,1000000,United States,"Seattle, United States",16,Splyce,TOX Gaming,SPY,TOX,FALSE,FALSE,2021-12-30T14:52:33Z
S,2017,HCS Pro League 2017 Fall Global Finals,Halo 5: Guardians,https://liquipedia.net/halo/Halo_Championship_Series/Pro_League/2017/Fall,2017-10-20,2017-10-22,TRUE,200000,United States,"Denver, United States",16,OpTic Gaming,Team Liquid,OpTic,TL,FALSE,FALSE,2021-12-30T14:52:33Z
S,2017,HCS Pro League 2017 Summer Global Finals,Halo 5: Guardians,https://liquipedia.net/halo/Halo_Championship_Series/Pro_League/2017/Summer,2017-07-22,2017-07-23,TRUE,200000,United States,"Atlanta, United States",16,Splyce,OpTic Gaming,SPY,OpTic,FALSE,FALSE,2021-12-30T14:52:33Z
S,2017,Halo World Championship 2017,Halo 5: Guardians,https://liquipedia.net/halo/Halo_World_Championship/2017,2017-03-24,2017-03-26,TRUE,1000000,United States,"Burbank, United States",12,OpTic Gaming,Team EnVyUs,OpTic,Envy,FALSE,FALSE,2021-12-30T14:52:33Z
S,2016,Halo World Championship 2016,Halo 5: Guardians,https://liquipedia.net/halo/Halo_World_Championship/2016,2016-03-18,2016-03-20,TRUE,2500000,United States,"Hollywood, United States",16,Counter Logic Gaming,Team Allegiance,CLG,ALG,FALSE,FALSE,2021-12-30T14:52:33Z
S,2015,Halo Championship Series Season 2: Finals,Halo 2: Anniversary,https://liquipedia.net/halo/Halo_Championship_Series/Season_2/Finals,2015-07-24,2015-07-26,TRUE,150000,United States,"California, United States",8,Evil Geniuses,Counter Logic Gaming,EG,CLG,FALSE,FALSE,2021-12-30T14:52:33Z
S,2015,Halo Championship Series Season 1: Finals,Halo 2: Anniversary,https://liquipedia.net/halo/Halo_Championship_Series/Season_1/Finals,2015-03-06,2015-03-08,TRUE,100000,United States,"Boston, United States",9,Evil Geniuses,Counter Logic Gaming,EG,CLG,FALSE,FALSE,2021-12-30T14:52:33Z
S,2011,MLG National Championship 2011,Halo Reach,https://liquipedia.net/halo/MLG/2011/National_Championship,2011-11-18,2011-11-20,TRUE,280000,United States,"Providence, United States",8,Instinct,Warriors,Instinct,Warriors,TRUE,TRUE,2021-12-30T14:52:33Z
S,2010,MLG National Championship 2010,Halo 3,https://liquipedia.net/halo/MLG/2010/National_Championship,2010-11-05,2010-11-07,TRUE,280000,United States,"Dallas, United States",8,Final Boss,Status Quo,FB,SQ,FALSE,FALSE,2021-12-30T14:52:33Z
S,2010,MLG National Championship 2009,Halo 3,https://liquipedia.net/halo/MLG/2009/National_Championship,2010-01-08,2010-01-10,TRUE,280000,United States,"Orlando, United States",8,Believe The Hype,Classic,BTH,Classic,TRUE,TRUE,2021-12-30T14:52:33Z
A,2022,Halo Championship Series 2022: Orlando Major,Halo Infinite,https://liquipedia.net/halo/Halo_Championship_Series/2021-22/Orlando,2022-09-23,2022-09-25,TRUE,250000,United States,"Orlando, United States",NA,NA,NA,NA,NA,NA,NA,2021-12-30T14:52:33Z
A,2022,Halo Championship Series 2022: Kansas City Major,Halo Infinite,https://liquipedia.net/halo/Halo_Championship_Series/2021-22/Kansas_City,2022-04-29,2022-05-01,TRUE,250000,United States,"Kansas City, United States",NA,NA,NA,NA,NA,NA,NA,2021-12-30T14:52:33Z
A,2022,Halo Championship Series 2022: Europe Super,Halo Infinite,https://liquipedia.net/halo/Halo_Championship_Series/2021-22/Split_1/Europe/Super,2022-03-25,2022-03-27,TRUE,100000,Europe,"Online, Europe",24,NA,NA,NA,NA,NA,NA,2021-12-30T14:52:33Z
A,2022,Halo Championship Series 2022: Mexico Super,Halo Infinite,https://liquipedia.net/halo/Halo_Championship_Series/2021-22/Split_1/Mexico/Super,2022-03-04,2022-03-06,TRUE,50000,Mexico,"Online, Mexico",24,NA,NA,NA,NA,NA,NA,2021-12-30T14:52:33Z
A,2022,Halo Championship Series 2022: Oceania Super,Halo Infinite,https://liquipedia.net/halo/Halo_Championship_Series/2021-22/Split_1/Oceania/Super,2022-03-04,2022-03-06,TRUE,50000,Oceania,"Online, Oceania",24,NA,NA,NA,NA,NA,NA,2021-12-30T14:52:33Z
A,2022,Halo Championship Series 2022: North America Regionals,Halo Infinite,https://liquipedia.net/halo/Halo_Championship_Series/2021-22/Split_1/North_America/Championship,2022-02-11,2022-02-13,TRUE,125000,United States,"Anaheim, United States",24,NA,NA,NA,NA,NA,NA,2021-12-30T14:52:33Z
A,2021,Halo Championship Series 2021: Kickoff Major,Halo Infinite,https://liquipedia.net/halo/Halo_Championship_Series/2021/Kickoff_Major,2021-12-17,2021-12-19,TRUE,350000,United States,"Raleigh, United States",272,Cloud9,EUnited,C9,eU,FALSE,FALSE,2021-12-30T14:52:33Z
A,2021,Twitch Rivals: Halo Infinite Showdown,Halo Infinite,https://liquipedia.net/halo/Twitch_Rivals/Halo_Infinite_Showdown,2021-12-13,2021-12-13,FALSE,50000,North America,"Online, North America",8,Team Echidna,Team Gigz,Team Echidna,GIG,TRUE,TRUE,2021-12-30T14:52:33Z
A,2021,BoomTV - Game Pass Invitational,Halo Infinite,https://liquipedia.net/halo/BoomTV/Game_Pass_Invitational,2021-12-03,2021-12-03,FALSE,50000,North America,"Online, North America",16,Team Frosty,Team MissLehcar,FRO,MLC,TRUE,TRUE,2021-12-30T14:52:33Z
A,2021,Twitch Rivals: Halo 3 Throwback with Ninja 4v4,Halo 3,https://liquipedia.net/halo/Twitch_Rivals/Halo_3_Throwback_with_Ninja,2021-11-13,2021-11-13,FALSE,150000,North America,"Online, North America",8,Status Quo,Believe The Hype,SQ,BTH,FALSE,TRUE,2021-12-30T14:52:33Z
A,2021,Twitch Rivals: Throwback with Ninja - 4v4,Halo 2,https://liquipedia.net/halo/Twitch_Rivals/Throwback_with_Ninja/4v4,2021-08-19,2021-08-19,FALSE,120000,North America,"Online, North America",4,The Agency,Carbon,TA,CbN,TRUE,TRUE,2021-12-30T14:52:33Z
A,2020,DreamHack Halo Series 2020: Anaheim,Halo Reach,https://liquipedia.net/halo/DreamHack_Halo_Series/2020/Anaheim,2020-02-21,2020-02-23,TRUE,50000,United States,"Anaheim, United States",8,Team Mantra,Unlimited,Mantra,Unlimited,FALSE,TRUE,2021-12-30T14:52:33Z
A,2019,DreamHack Halo Series 2019: Atlanta,Halo 3,https://liquipedia.net/halo/DreamHack_Halo_Series/2019/Atlanta,2019-11-15,2019-11-17,TRUE,50000,United States,"Atlanta, United States",8,TOX Gaming,LuxGaming Clan,TOX,LuxGaming,FALSE,TRUE,2021-12-30T14:52:33Z
A,2019,FACEIT Ignite: Halo European Open,Halo 3,https://liquipedia.net/halo/FACEIT_Ignite,2019-08-17,2019-08-18,TRUE,25000,United Kingdom,"London, United Kingdom",12,TOX Gaming,Rebel,TOX,RBL,FALSE,TRUE,2021-12-30T14:52:33Z
A,2019,DreamHack Halo Series 2019: Dallas,Halo 3,https://liquipedia.net/halo/DreamHack_Halo_Series/2019/Dallas,2019-05-31,2019-06-02,TRUE,50000,United States,"Dallas, United States",8,TOX Gaming,Falling Esports,TOX,Falling,FALSE,FALSE,2021-12-30T14:52:33Z
A,2018,Halo Championship Series 2018 - London,Halo 5: Guardians,https://liquipedia.net/halo/Halo_Championship_Series/2018/London,2018-09-14,2018-09-16,TRUE,135000,United Kingdom,"London, United Kingdom",16,TOX Gaming,Splyce,TOX,SPY,FALSE,FALSE,2021-12-30T14:52:33Z
A,2018,Halo Championship Series 2018 - New Orleans,Halo 5: Guardians,https://liquipedia.net/halo/Halo_Championship_Series/2018/New_Orleans,2018-07-13,2018-07-15,TRUE,250000,United States,"New Orleans, United States",16,Splyce,TOX Gaming,SPY,TOX,FALSE,FALSE,2021-12-30T14:52:33Z
A,2018,Halo World Championship 2018 - Latin America,Halo 5: Guardians,https://liquipedia.net/halo/Halo_World_Championship/2018/Latin_America,2018-03-17,2018-03-18,TRUE,25000,Mexico,"Mexico City, Mexico",17,Psychotic Gaming,Infinity Gaming,PG,Infinity,FALSE,TRUE,2021-12-30T14:52:33Z
A,2018,Halo World Championship 2018 - Europe,Halo 5: Guardians,https://liquipedia.net/halo/Halo_World_Championship/2018/Europe,2018-02-23,2018-02-25,TRUE,25000,United Kingdom,"London, United Kingdom",28,Team Infused,Vexed Gaming,INF,Vexed,FALSE,FALSE,2021-12-30T14:52:33Z
A,2018,MLG Orlando 2018,Halo 5: Guardians,https://liquipedia.net/halo/MLG/2018/Orlando,2018-02-16,2018-02-18,TRUE,50000,United States,"Orlando, United States",12,Splyce,OpTic Gaming,SPY,OpTic,FALSE,FALSE,2021-12-30T14:52:33Z
A,2017,HCS Pro League NA 2017 Fall: Regular Season,Halo 5: Guardians,https://liquipedia.net/halo/Halo_Championship_Series/Pro_League/2017/North_America/Fall,2017-08-23,2017-09-27,TRUE,50000,North America,"Online, North America",8,Team Envy,OpTic Gaming,Envy,OpTic,FALSE,FALSE,2021-12-30T14:52:33Z
A,2017,HCS Pro League EU 2017 Summer: Regular Season,Halo 5: Guardians,https://liquipedia.net/halo/Halo_Championship_Series/Pro_League/2017/Europe/Summer,2017-06-01,2017-06-22,TRUE,33000,Europe,"Online, Europe",6,Team Infused,Invictus,INF,INV,FALSE,TRUE,2021-12-30T14:52:33Z
A,2017,HCS Pro League NA 2017 Summer: Regular Season,Halo 5: Guardians,https://liquipedia.net/halo/Halo_Championship_Series/Pro_League/2017/North_America/Summer,2017-05-24,2017-06-22,TRUE,50000,North America,"Online, North America",8,OpTic Gaming,Splyce,OpTic,SPY,FALSE,FALSE,2021-12-30T14:52:33Z
A,2017,UMG Daytona 2017,Halo 5: Guardians,https://liquipedia.net/halo/Halo_Championship_Series/2017/Daytona,2017-05-12,2017-05-14,TRUE,75000,United States,"Daytona, United States",16,Team EnVyUs,OpTic Gaming,Envy,OpTic,FALSE,FALSE,2021-12-30T14:52:33Z
A,2017,Halo World Championship 2017 - Latin America,Halo 5: Guardians,https://liquipedia.net/halo/Halo_World_Championship/2017/Latin_America,2017-02-24,2017-02-26,TRUE,20000,Mexico,"Mexico City, Mexico",18,Shock The World,Synergy Gaming,sTw,SYN,FALSE,TRUE,2021-12-30T14:52:33Z
A,2017,Halo World Championship 2017 - Oceania,Halo 5: Guardians,https://liquipedia.net/halo/Halo_World_Championship/2017/Oceania,2017-02-25,2017-02-25,FALSE,1000,Oceania,"Online, Oceania",16,Team Immunity,Gryffindor,iM,Gryffindor,FALSE,TRUE,2021-12-30T14:52:33Z
A,2017,Halo World Championship 2017 - Europe,Halo 5: Guardians,https://liquipedia.net/halo/Halo_World_Championship/2017/Europe,2017-02-17,2017-02-19,TRUE,25000,United Kingdom,"London, United Kingdom",28,FAB Games eSports,Supremacy,FAB,SY,FALSE,FALSE,2021-12-30T14:52:33Z
A,2017,UGC St. Louis 2017,Halo 5: Guardians,https://liquipedia.net/halo/Halo_World_Championship/2017/St._Louis,2017-01-20,2017-01-22,TRUE,50000,United States,"St. Louis, United States",16,OpTic Gaming,Team Liquid,OpTic,TL,FALSE,FALSE,2021-12-30T14:52:33Z
A,2016,HCS Pro League NA 2016 Fall: Finals,Halo 5: Guardians,https://liquipedia.net/halo/Halo_Championship_Series/Pro_League/2016/North_America/Fall/Finals,2016-12-11,2016-12-11,FALSE,150000,United States,"Burbank, United States",4,Team EnVyUs,OpTic Gaming,Envy,OpTic,FALSE,FALSE,2021-12-30T14:52:33Z
A,2016,HCS Pro League EU 2016 Fall Finals,Halo 5: Guardians,https://liquipedia.net/halo/Halo_Championship_Series/Pro_League/2016/Europe/Fall/Finals,2016-12-04,2016-12-04,FALSE,67000,United Kingdom,"Leicester, United Kingdom",4,FAB Games eSports,Team Infused,FAB,INF,FALSE,FALSE,2021-12-30T14:52:33Z
A,2016,HCS Pro League EU 2016 Fall: Regular Season,Halo 5: Guardians,https://liquipedia.net/halo/Halo_Championship_Series/Pro_League/2016/Europe/Fall/Regular_Season,2016-09-28,2016-11-03,TRUE,33000,Europe,"Online, Europe",6,FAB Games eSports,Team Vibe,FAB,Vibe,FALSE,FALSE,2021-12-30T14:52:33Z
A,2016,HCS Pro League NA 2016 Summer: Finals,Halo 5: Guardians,https://liquipedia.net/halo/Halo_Championship_Series/Pro_League/2016/North_America/Summer/Finals,2016-07-30,2016-07-31,TRUE,150000,United States,"Los Angeles, United States",4,Counter Logic Gaming,Enigma6 Group,CLG,E6,FALSE,FALSE,2021-12-30T14:52:33Z
A,2016,HCS Pro League EU 2016 Summer Finals,Halo 5: Guardians,https://liquipedia.net/halo/Halo_Championship_Series/Pro_League/2016/Europe/Summer/Finals,2016-07-24,2016-07-24,FALSE,67000,United Kingdom,"Leicester, United Kingdom",4,FAB Games eSports,XMEN,FAB,XMEN,FALSE,TRUE,2021-12-30T14:52:33Z
A,2016,HCS Pro League NA 2016 Summer: Regular Season,Halo 5: Guardians,https://liquipedia.net/halo/Halo_Championship_Series/Pro_League/2016/North_America/Summer/Regular_Season,2016-06-02,2016-07-15,TRUE,75000,North America,"Online, North America",8,Counter Logic Gaming,Enigma6 Group,CLG,E6,FALSE,FALSE,2021-12-30T14:52:33Z
A,2016,HCS Pro League EU 2016 Summer: Regular Season,Halo 5: Guardians,https://liquipedia.net/halo/Halo_Championship_Series/Pro_League/2016/Europe/Summer/Regular_Season,2016-06-02,2016-07-01,TRUE,33000,Europe,"Online, Europe",6,U4X Esports,Team Infused,U4X,INF,FALSE,FALSE,2021-12-30T14:52:33Z
A,2016,Halo World Championship 2016 - North America,Halo 5: Guardians,https://liquipedia.net/halo/Halo_World_Championship/2016/North_America,2016-02-19,2016-02-21,TRUE,50000,United States,"Columbus, United States",16,Counter Logic Gaming,Denial eSports,CLG,DNL,FALSE,FALSE,2021-12-30T14:52:33Z
A,2016,Halo World Championship 2016 - Latin America,Halo 5: Guardians,https://liquipedia.net/halo/Halo_World_Championship/2016/Latin_America,2016-02-13,2016-02-14,TRUE,30000,Mexico,"Mexico City, Mexico",8,Chosen Squad,Chosen Legacy,CS,cL,FALSE,TRUE,2021-12-30T14:52:33Z
A,2016,Halo World Championship 2016 - EMEA,Halo 5: Guardians,https://liquipedia.net/halo/Halo_World_Championship/2016/EMEA,2016-02-06,2016-02-07,TRUE,50000,Germany,"Cologne, Germany",16,Team Infused,ExceL eSports,INF,xL,FALSE,FALSE,2021-12-30T14:52:33Z
A,2016,Halo World Championship 2016 - Oceania,Halo 5: Guardians,https://liquipedia.net/halo/Halo_World_Championship/2016/Oceania,2016-02-06,2016-02-07,TRUE,15000,Australia,"Sydney, Australia",6,Team Immunity,Team Exile5,iM,x5,FALSE,FALSE,2021-12-30T14:52:33Z
A,2016,X Games Aspen 2016,Halo 5: Guardians,https://liquipedia.net/halo/X_Games/Aspen/2016,2016-01-28,2016-01-31,TRUE,30000,United States,"Aspen, United States",8,Evil Geniuses,Counter Logic Gaming,EG,CLG,FALSE,FALSE,2021-12-30T14:52:33Z
A,2016,Halo World Championship 2016 - Asia,Halo 5: Guardians,https://liquipedia.net/halo/Halo_World_Championship/2016/Asia,2016-01-31,2016-01-31,FALSE,10000,Hong Kong,"Offline, Hong Kong",16,Aftermath,Equinox,AF,Equinox,TRUE,TRUE,2021-12-30T14:52:33Z
A,2016,Halo World Championship 2016 - Paris,Halo 5: Guardians,https://liquipedia.net/halo/Halo_World_Championship/2016/EMEA/Paris,2016-01-23,2016-01-23,FALSE,24024,France,"Paris, France",4,Pulse Gaming,Team Vitality,PuLse,Vitality,FALSE,FALSE,2021-12-30T14:52:33Z
A,2015,PGL Indianapolis 2015,Halo 2: Anniversary,https://liquipedia.net/halo/Halo_Championship_Series/Season_2/Indianapolis,2015-06-26,2015-06-28,TRUE,50000,United States,"Indianpolis, United States",32,Evil Geniuses,Counter Logic Gaming,EG,CLG,FALSE,FALSE,2021-12-30T14:52:33Z
A,2015,Iron Games Atlanta 2015,Halo 2: Anniversary,https://liquipedia.net/halo/Iron_Games/Atlanta/2015,2015-04-17,2015-04-19,TRUE,25000,United States,"Atlanta, United States",32,Evil Geniuses,Denial eSports,EG,DNL,FALSE,FALSE,2021-12-30T14:52:33Z
A,2014,Halo MCC Launch Invitational,Halo 2: Anniversary,https://liquipedia.net/halo/Halo_MCC_Launch_Invitational,2014-11-08,2014-11-09,TRUE,50000,United States,"California, United States",8,Believe The Hype,Str8 Rippin,BTH,Str8,TRUE,FALSE,2021-12-30T14:52:33Z
A,2012,MLG Winter Championship 2012,Halo Reach,https://liquipedia.net/halo/MLG/2012/Columbus,2012-03-23,2012-03-25,TRUE,56000,United States,"Columbus, United States",8,Status Quo,Instinct,SQ,Instinct,FALSE,TRUE,2021-12-30T14:52:33Z
A,2011,MLG Orlando 2011,Halo Reach,https://liquipedia.net/halo/MLG/2011/Orlando,2011-10-14,2011-10-16,TRUE,56000,United States,"Orlando, United States",8,Dynasty,Infamous,Dynasty,Infamous,TRUE,TRUE,2021-12-30T14:52:33Z
A,2011,MLG Raleigh 2011,Halo Reach,https://liquipedia.net/halo/MLG/2011/Raleigh,2011-08-26,2011-08-28,TRUE,56000,United States,"Raleigh, United States",8,Infamous,Instinct,Infamous,Instinct,TRUE,TRUE,2021-12-30T14:52:33Z
A,2011,MLG Anaheim 2011,Halo Reach,https://liquipedia.net/halo/MLG/2011/Anaheim,2011-07-29,2011-07-31,TRUE,56000,United States,"Anaheim, United States",8,Instinct,Status Quo,Instinct,SQ,TRUE,FALSE,2021-12-30T14:52:33Z
A,2011,MLG Columbus 2011,Halo Reach,https://liquipedia.net/halo/MLG/2011/Columbus,2011-06-03,2011-06-05,TRUE,56000,United States,"Columbus, United States",8,Instinct,Str8 Rippin,Instinct,Str8,TRUE,FALSE,2021-12-30T14:52:33Z
A,2010,MLG Washington D.C 2010,Halo 3,https://liquipedia.net/halo/MLG/2010/Washington_D.C,2010-10-15,2010-10-17,TRUE,56000,United States,"Washington D.C, United States",8,Final Boss,Triggers Down,FB,TD,FALSE,TRUE,2021-12-30T14:52:33Z
A,2010,MLG Raleigh 2010,Halo 3,https://liquipedia.net/halo/MLG/2010/Raleigh,2010-08-27,2010-08-29,TRUE,56000,United States,"Raleigh, United States",8,Instinct,Final Boss,Instinct,FB,TRUE,FALSE,2021-12-30T14:52:33Z
A,2010,MLG Columbus 2010,Halo 3,https://liquipedia.net/halo/MLG/2010/Columbus,2010-06-04,2010-06-06,TRUE,56000,United States,"Columbus, United States",8,Instinct,Final Boss,Instinct,FB,TRUE,FALSE,2021-12-30T14:52:33Z
A,2010,MLG Orlando 2010,Halo 3,https://liquipedia.net/halo/MLG/2010/Orlando,2010-04-16,2010-04-18,TRUE,56000,United States,"Orlando, United States",8,Instinct,Classic,Instinct,Classic,TRUE,TRUE,2021-12-30T14:52:33Z
B,2022,HCS 2021-22 Mexico Open Championship,Halo Infinite,https://liquipedia.net/halo/Halo_Championship_Series/2021-22/Split_2/Mexico/Open_Series/Championship,2022-08-26,2022-08-28,TRUE,NA,Mexico,"Online, Mexico",NA,NA,NA,NA,NA,NA,NA,2021-12-30T14:52:33Z
B,2022,HCS 2021-22 Europe Open Championship,Halo Infinite,https://liquipedia.net/halo/Halo_Championship_Series/2021-22/Split_2/Europe/Open_Series/Championship,2022-08-26,2022-08-28,TRUE,NA,Europe,"Online, Europe",NA,NA,NA,NA,NA,NA,NA,2021-12-30T14:52:33Z
B,2022,HCS 2021-22 Oceania Open Championship,Halo Infinite,https://liquipedia.net/halo/Halo_Championship_Series/2021-22/Split_2/Oceania/Open_Series/Championship,2022-08-26,2022-08-28,TRUE,NA,Oceania,"Online, Oceania",NA,NA,NA,NA,NA,NA,NA,2021-12-30T14:52:33Z
B,2022,HCS 2021-22 North America Open Championship,Halo Infinite,https://liquipedia.net/halo/Halo_Championship_Series/2021-22/Split_2/North_America/Open_Series/Championship,2022-08-26,2022-08-28,TRUE,NA,North America,"Online, North America",NA,NA,NA,NA,NA,NA,NA,2021-12-30T14:52:33Z
B,2022,HCS 2021-22 North America Pro Series 1,Halo Infinite,https://liquipedia.net/halo/Halo_Championship_Series/2021-22/Split_2/North_America/Pro_Series/3,2022-06-16,2022-06-16,FALSE,NA,North America,"Online, North America",NA,NA,NA,NA,NA,NA,NA,2021-12-30T14:52:33Z
B,2022,HCS 2021-22 Europe Pro Series 1,Halo Infinite,https://liquipedia.net/halo/Halo_Championship_Series/2021-22/Split_2/Europe/Pro_Series/3,2022-06-15,2022-06-15,FALSE,NA,Europe,"Online, Europe",NA,NA,NA,NA,NA,NA,NA,2021-12-30T14:52:33Z
B,2022,HCS 2021-22 Mexico Pro Series 1,Halo Infinite,https://liquipedia.net/halo/Halo_Championship_Series/2021-22/Split_2/Mexico/Pro_Series/3,2022-06-14,2022-06-14,FALSE,NA,Mexico,"Online, Mexico",NA,NA,NA,NA,NA,NA,NA,2021-12-30T14:52:33Z
B,2022,HCS 2021-22 Oceania Pro Series 1,Halo Infinite,https://liquipedia.net/halo/Halo_Championship_Series/2021-22/Split_2/Oceania/Pro_Series/3,2022-06-14,2022-06-14,FALSE,NA,Oceania,"Online, Oceania",NA,NA,NA,NA,NA,NA,NA,2021-12-30T14:52:33Z
B,2022,HCS 2021-22 North America Pro Series 1,Halo Infinite,https://liquipedia.net/halo/Halo_Championship_Series/2021-22/Split_2/North_America/Pro_Series/2,2022-06-09,2022-06-09,FALSE,NA,North America,"Online, North America",NA,NA,NA,NA,NA,NA,NA,2021-12-30T14:52:33Z
B,2022,HCS 2021-22 Europe Pro Series 1,Halo Infinite,https://liquipedia.net/halo/Halo_Championship_Series/2021-22/Split_2/Europe/Pro_Series/2,2022-06-08,2022-06-08,FALSE,NA,Europe,"Online, Europe",NA,NA,NA,NA,NA,NA,NA,2021-12-30T14:52:33Z
B,2022,HCS 2021-22 Mexico Pro Series 1,Halo Infinite,https://liquipedia.net/halo/Halo_Championship_Series/2021-22/Split_2/Mexico/Pro_Series/2,2022-06-07,2022-06-07,FALSE,NA,Mexico,"Online, Mexico",NA,NA,NA,NA,NA,NA,NA,2021-12-30T14:52:33Z
B,2022,HCS 2021-22 Oceania Pro Series 1,Halo Infinite,https://liquipedia.net/halo/Halo_Championship_Series/2021-22/Split_2/Oceania/Pro_Series/2,2022-06-07,2022-06-07,FALSE,NA,Oceania,"Online, Oceania",NA,NA,NA,NA,NA,NA,NA,2021-12-30T14:52:33Z
B,2022,HCS 2021-22 North America Pro Series 1,Halo Infinite,https://liquipedia.net/halo/Halo_Championship_Series/2021-22/Split_2/North_America/Pro_Series/1,2022-06-02,2022-06-02,FALSE,NA,North America,"Online, North America",NA,NA,NA,NA,NA,NA,NA,2021-12-30T14:52:33Z
B,2022,HCS 2021-22 Europe Pro Series 1,Halo Infinite,https://liquipedia.net/halo/Halo_Championship_Series/2021-22/Split_2/Europe/Pro_Series/1,2022-06-01,2022-06-01,FALSE,NA,Europe,"Online, Europe",NA,NA,NA,NA,NA,NA,NA,2021-12-30T14:52:33Z
B,2022,HCS 2021-22 Mexico Pro Series 1,Halo Infinite,https://liquipedia.net/halo/Halo_Championship_Series/2021-22/Split_2/Mexico/Pro_Series/1,2022-05-31,2022-05-31,FALSE,NA,Mexico,"Online, Mexico",NA,NA,NA,NA,NA,NA,NA,2021-12-30T14:52:33Z
B,2022,HCS 2021-22 Oceania Pro Series 1,Halo Infinite,https://liquipedia.net/halo/Halo_Championship_Series/2021-22/Split_2/Oceania/Pro_Series/1,2022-05-31,2022-05-31,FALSE,NA,Oceania,"Online, Oceania",NA,NA,NA,NA,NA,NA,NA,2021-12-30T14:52:33Z
B,2022,HCS 2021-22 Europe Open Championship,Halo Infinite,https://liquipedia.net/halo/Halo_Championship_Series/2021-22/Split_1/Europe/Open_Series/Championship,2022-04-01,2022-04-03,TRUE,NA,Europe,"Online, Europe",NA,NA,NA,NA,NA,NA,NA,2021-12-30T14:52:33Z
B,2022,HCS 2021-22 Mexico Open Championship,Halo Infinite,https://liquipedia.net/halo/Halo_Championship_Series/2021-22/Split_1/Mexico/Open_Series/Championship,2022-04-01,2022-04-03,TRUE,NA,Mexico,"Online, Mexico",NA,NA,NA,NA,NA,NA,NA,2021-12-30T14:52:33Z
B,2022,HCS 2021-22 Oceania Open Championship,Halo Infinite,https://liquipedia.net/halo/Halo_Championship_Series/2021-22/Split_1/Oceania/Open_Series/Championship,2022-04-01,2022-04-03,TRUE,NA,Oceania,"Online, Oceania",NA,NA,NA,NA,NA,NA,NA,2021-12-30T14:52:33Z
B,2022,HCS 2021-22 North America Open Championship,Halo Infinite,https://liquipedia.net/halo/Halo_Championship_Series/2021-22/Split_1/North_America/Open_Series/Championship,2022-04-01,2022-04-03,TRUE,NA,North America,"Online, North America",NA,NA,NA,NA,NA,NA,NA,2021-12-30T14:52:33Z
B,2022,HCS 2021-22 North America Pro Series 4,Halo Infinite,https://liquipedia.net/halo/Halo_Championship_Series/2021-22/Split_1/North_America/Pro_Series/4,2022-01-27,2022-01-27,FALSE,NA,North America,"Online, North America",NA,NA,NA,NA,NA,NA,NA,2021-12-30T14:52:33Z
B,2022,HCS 2021-22 Europe Pro Series 4,Halo Infinite,https://liquipedia.net/halo/Halo_Championship_Series/2021-22/Split_1/Europe/Pro_Series/4,2022-01-26,2022-01-26,FALSE,NA,Europe,"Online, Europe",NA,NA,NA,NA,NA,NA,NA,2021-12-30T14:52:33Z
B,2022,HCS 2021-22 Mexico Pro Series 4,Halo Infinite,https://liquipedia.net/halo/Halo_Championship_Series/2021-22/Split_1/Mexico/Pro_Series/4,2022-01-25,2022-01-25,FALSE,NA,Mexico,"Online, Mexico",NA,NA,NA,NA,NA,NA,NA,2021-12-30T14:52:33Z
B,2022,HCS 2021-22 Oceania Pro Series 4,Halo Infinite,https://liquipedia.net/halo/Halo_Championship_Series/2021-22/Split_1/Oceania/Pro_Series/4,2022-01-25,2022-01-25,FALSE,NA,Oceania,"Online, Oceania",NA,NA,NA,NA,NA,NA,NA,2021-12-30T14:52:33Z
B,2022,HCS 2021-22 North America Pro Series 3,Halo Infinite,https://liquipedia.net/halo/Halo_Championship_Series/2021-22/Split_1/North_America/Pro_Series/3,2022-01-20,2022-01-20,FALSE,NA,North America,"Online, North America",NA,NA,NA,NA,NA,NA,NA,2021-12-30T14:52:33Z
B,2022,HCS 2021-22 Europe Pro Series 3,Halo Infinite,https://liquipedia.net/halo/Halo_Championship_Series/2021-22/Split_1/Europe/Pro_Series/3,2022-01-19,2022-01-19,FALSE,NA,Europe,"Online, Europe",NA,NA,NA,NA,NA,NA,NA,2021-12-30T14:52:33Z
B,2022,HCS 2021-22 Mexico Pro Series 3,Halo Infinite,https://liquipedia.net/halo/Halo_Championship_Series/2021-22/Split_1/Mexico/Pro_Series/3,2022-01-18,2022-01-18,FALSE,NA,Mexico,"Online, Mexico",NA,NA,NA,NA,NA,NA,NA,2021-12-30T14:52:33Z
B,2022,HCS 2021-22 Oceania Pro Series 3,Halo Infinite,https://liquipedia.net/halo/Halo_Championship_Series/2021-22/Split_1/Oceania/Pro_Series/3,2022-01-18,2022-01-18,FALSE,NA,Oceania,"Online, Oceania",NA,NA,NA,NA,NA,NA,NA,2021-12-30T14:52:33Z
B,2022,HCS 2021-22 North America Pro Series 2,Halo Infinite,https://liquipedia.net/halo/Halo_Championship_Series/2021-22/Split_1/North_America/Pro_Series/2,2022-01-13,2022-01-13,FALSE,NA,North America,"Online, North America",NA,NA,NA,NA,NA,NA,NA,2021-12-30T14:52:33Z
B,2022,HCS 2021-22 Europe Pro Series 2,Halo Infinite,https://liquipedia.net/halo/Halo_Championship_Series/2021-22/Split_1/Europe/Pro_Series/2,2022-01-12,2022-01-12,FALSE,NA,Europe,"Online, Europe",NA,NA,NA,NA,NA,NA,NA,2021-12-30T14:52:33Z
B,2022,HCS 2021-22 Mexico Pro Series 2,Halo Infinite,https://liquipedia.net/halo/Halo_Championship_Series/2021-22/Split_1/Mexico/Pro_Series/2,2022-01-11,2022-01-11,FALSE,NA,Mexico,"Online, Mexico",NA,NA,NA,NA,NA,NA,NA,2021-12-30T14:52:33Z
B,2022,HCS 2021-22 Oceania Pro Series 2,Halo Infinite,https://liquipedia.net/halo/Halo_Championship_Series/2021-22/Split_1/Oceania/Pro_Series/2,2022-01-11,2022-01-11,FALSE,NA,Oceania,"Online, Oceania",NA,NA,NA,NA,NA,NA,NA,2021-12-30T14:52:33Z
B,2022,HCS 2021-22 North America Pro Series 1,Halo Infinite,https://liquipedia.net/halo/Halo_Championship_Series/2021-22/Split_1/North_America/Pro_Series/1,2022-01-06,2022-01-06,FALSE,NA,North America,"Online, North America",NA,NA,NA,NA,NA,NA,NA,2021-12-30T14:52:33Z
B,2022,HCS 2021-22 Europe Pro Series 1,Halo Infinite,https://liquipedia.net/halo/Halo_Championship_Series/2021-22/Split_1/Europe/Pro_Series/1,2022-01-05,2022-01-05,FALSE,NA,Europe,"Online, Europe",NA,NA,NA,NA,NA,NA,NA,2021-12-30T14:52:33Z
B,2022,HCS 2021-22 Mexico Pro Series 1,Halo Infinite,https://liquipedia.net/halo/Halo_Championship_Series/2021-22/Split_1/Mexico/Pro_Series/1,2022-01-04,2022-01-04,FALSE,NA,Mexico,"Online, Mexico",NA,NA,NA,NA,NA,NA,NA,2021-12-30T14:52:33Z
B,2022,HCS 2021-22 Oceania Pro Series 1,Halo Infinite,https://liquipedia.net/halo/Halo_Championship_Series/2021-22/Split_1/Oceania/Pro_Series/1,2022-01-04,2022-01-04,FALSE,NA,Oceania,"Online, Oceania",NA,NA,NA,NA,NA,NA,NA,2021-12-30T14:52:33Z
B,2021,Esports Arena: Series E - Invitational,Halo Infinite,https://liquipedia.net/halo/Esports_Arena/Series_E/Invitational,2021-12-11,2021-12-11,FALSE,25000,North America,"Online, North America",16,Sentinels,OpTic Gaming,SEN,OpTic,FALSE,FALSE,2021-12-30T14:52:33Z
B,2021,Trovo Titans - North America,Halo Infinite,https://liquipedia.net/halo/Trovo_Titans/North_America,2021-12-04,2021-12-05,TRUE,8500,North America,"Online, North America",NA,AbaGoats,Astra Piggy,AG,AP,TRUE,TRUE,2021-12-30T14:52:33Z
B,2021,LVT - 2sDay Kickoff Invitational,Halo Infinite,https://liquipedia.net/halo/LVT/2sDay_Kickoff_Invitational,2021-11-16,2021-11-16,FALSE,5000,North America,"Online, North America",8,TriPPPeY & Lucid,Eco & Mikwen,T&L,E&M,TRUE,TRUE,2021-12-30T14:52:33Z
B,2021,Halo 5 SEND OFF,Halo 5: Guardians,https://liquipedia.net/halo/Halo_5_SEND_OFF,2021-06-05,2021-06-06,TRUE,30000,North America,"Online, North America",36,Cloud9,Flyers,C9,FLY,FALSE,TRUE,2021-12-30T14:52:33Z
B,2021,Halo 5 Pro Series Season 4: NA - Championship,Halo 5: Guardians,https://liquipedia.net/halo/Halo_5_Pro_Series/Season_4/North_America/Championship,2021-04-10,2021-04-10,FALSE,10000,North America,"Online, North America",8,Sentinels,Cloud9,SEN,C9,FALSE,FALSE,2021-12-30T14:52:33Z
B,2021,Halo 5 Pro Series Season 4: EMEA - Championship,Halo 5: Guardians,https://liquipedia.net/halo/Halo_5_Pro_Series/Season_4/EMEA/Championship,2021-04-03,2021-04-03,FALSE,10000,Europe,"Online, Europe",8,Cartel,ENG GER ITA FRA,Cartel,EGIF,TRUE,TRUE,2021-12-30T14:52:33Z
B,2021,Halo 5 Pro Series Season 4: LATAM - Championship,Halo 5: Guardians,https://liquipedia.net/halo/Halo_5_Pro_Series/Season_4/Latin_America/Championship,2021-04-03,2021-04-03,FALSE,5000,South America,"Online, South America",8,Pittsburgh Knights,Fire N Ice Esports,PK,FNI,FALSE,FALSE,2021-12-30T14:52:33Z
B,2021,Halo 5 Pro Series Season 3: NA - Championship,Halo 5: Guardians,https://liquipedia.net/halo/Halo_5_Pro_Series/Season_3/North_America/Championship,2021-03-06,2021-03-06,FALSE,10000,North America,"Online, North America",8,Inconceivable,Cloud9,ICE,C9,TRUE,FALSE,2021-12-30T14:52:33Z
B,2021,Halo 5 Pro Series Season 3: EMEA - Championship,Halo 5: Guardians,https://liquipedia.net/halo/Halo_5_Pro_Series/Season_3/EMEA/Championship,2021-02-27,2021-02-27,FALSE,5000,Europe,"Online, Europe",8,Cartel,ENG GER ITA FRA,Cartel,EGIF,TRUE,TRUE,2021-12-30T14:52:33Z
B,2021,Halo 5 Pro Series Season 3: LATAM - Championship,Halo 5: Guardians,https://liquipedia.net/halo/Halo_5_Pro_Series/Season_3/Latin_America/Championship,2021-02-27,2021-02-27,FALSE,5000,South America,"Online, South America",8,Pittsburgh Knights,Fire N Ice Esports,PK,FNI,FALSE,FALSE,2021-12-30T14:52:33Z
B,2020,Halo 5 Pro Series Season 2: NA - Championship,Halo 5: Guardians,https://liquipedia.net/halo/Halo_5_Pro_Series/Season_2/North_America/Championship,2020-12-12,2020-12-12,FALSE,10000,North America,"Online, North America",8,Sentinels,Kansas City Pioneers,SEN,KCP,FALSE,FALSE,2021-12-30T14:52:33Z
B,2020,Halo 5 Pro Series Season 2: ANZ - Championship,Halo 5: Guardians,https://liquipedia.net/halo/Halo_5_Pro_Series/Season_2/ANZ/Championship,2020-12-05,2020-12-05,FALSE,5000,Oceania,"Online, Oceania",8,On Top,Final Form,On Top,FF,TRUE,TRUE,2021-12-30T14:52:33Z
B,2020,Halo 5 Pro Series Season 2: EMEA - Championship,Halo 5: Guardians,https://liquipedia.net/halo/Halo_5_Pro_Series/Season_2/EMEA/Championship,2020-12-05,2020-12-05,FALSE,5000,Europe,"Online, Europe",8,Cartel,Notorious,Cartel,Notorious,TRUE,TRUE,2021-12-30T14:52:33Z
B,2020,Halo 5 Pro Series Season 2: LATAM - Championship,Halo 5: Guardians,https://liquipedia.net/halo/Halo_5_Pro_Series/Season_2/Latin_America/Championship,2020-12-05,2020-12-05,FALSE,5000,South America,"Online, South America",8,Pittsburgh Knights,Fire N Ice Esports,PK,FNI,FALSE,FALSE,2021-12-30T14:52:33Z
B,2020,Halo 5 Pro Series Season 1: NA - Championship,Halo 5: Guardians,https://liquipedia.net/halo/Halo_5_Pro_Series/Season_1/North_America/Championship,2020-11-07,2020-11-07,FALSE,10000,North America,"Online, North America",8,Sentinels,Cloud9,SEN,C9,FALSE,FALSE,2021-12-30T14:52:33Z
B,2020,Halo 5 Pro Series Season 1: ANZ - Championship,Halo 5: Guardians,https://liquipedia.net/halo/Halo_5_Pro_Series/Season_1/ANZ/Championship,2020-10-31,2020-10-31,FALSE,5000,Oceania,"Online, Oceania",8,On Top,Authority,On Top,Authority,TRUE,TRUE,2021-12-30T14:52:33Z
B,2020,Halo 5 Pro Series Season 1: EMEA - Championship,Halo 5: Guardians,https://liquipedia.net/halo/Halo_5_Pro_Series/Season_1/EMEA/Championship,2020-10-31,2020-10-31,FALSE,5000,Europe,"Online, Europe",8,Cartel,Mock-It Esports,Cartel,Mock-It,TRUE,FALSE,2021-12-30T14:52:33Z
B,2020,Halo 5 Pro Series Season 1: LATAM - Championship,Halo 5: Guardians,https://liquipedia.net/halo/Halo_5_Pro_Series/Season_1/Latin_America/Championship,2020-10-31,2020-10-31,FALSE,5000,South America,"Online, South America",8,JustLatam,Fire N Ice Esports,JL,FNI,TRUE,FALSE,2021-12-30T14:52:33Z
B,2019,UGC Halo Classic Atlantic City 2019,Halo 3,https://liquipedia.net/halo/UGC/Halo_Classic/Atlantic_City_2019,2019-09-06,2019-09-08,TRUE,50000,United States,"Atlantic City, United States",20,LuxGaming Clan,Goldmembers,LuxGaming,GM,TRUE,TRUE,2021-12-30T14:52:33Z
B,2019,Red Bull Rise Till Dawn 2019,Halo 3,https://liquipedia.net/halo/Red_Bul_Rise_Till_Dawn/2019,2019-07-13,2019-07-14,TRUE,10000,United States,"Chicago, United States",8,GuuDR,Team Reciprocity,GuuDR,REC,TRUE,FALSE,2021-12-30T14:52:33Z
B,2019,Gamers for Giving 2019,Halo 3,https://liquipedia.net/halo/Gamers_for_Giving/2019,2019-03-23,2019-03-24,TRUE,20000,United States,"Michigan, United States",8,Therapy Works,LuxGaming Clan,TW,LuxGaming,TRUE,TRUE,2021-12-30T14:52:33Z
B,2019,UGC Halo Classic 2019,Halo 3,https://liquipedia.net/halo/UGC/Halo_Classic/2019,2019-01-11,2019-01-13,TRUE,30000,United States,"St. Louis, United States",16,TOX Gaming,Denial Esports,TOX,DNL,FALSE,FALSE,2021-12-30T14:52:33Z
B,2018,Halo 3 2v2 Showdown,Halo 3,https://liquipedia.net/halo/Halo_Championship_Series/2018/Finals/2v2,2018-11-16,2018-11-18,TRUE,10000,United States,"Atlanta, United States",8,Golden Modem Squad,OpTic Gaming,GMS,OpTic,TRUE,FALSE,2021-12-30T14:52:33Z
B,2017,Gfinity HCS London 2017,Halo 5: Guardians,https://liquipedia.net/halo/Gfinity/2017/London,2017-09-15,2017-09-17,TRUE,25000,United Kingdom,"London, United Kingdom",16,Team Infused,Supremacy,INF,SY,FALSE,FALSE,2021-12-30T14:52:33Z
B,2016,ME Las Vegas 2016,Halo 5: Guardians,https://liquipedia.net/halo/Halo_Championship_Series/2016/Las_Vegas,2016-11-19,2016-11-20,TRUE,25000,United States,"Las Vegas, United States",16,Team EnVyUs,Team Liquid,Envy,TL,FALSE,FALSE,2021-12-30T14:52:33Z
B,2016,2050 Chattanooga 2016,Halo 5: Guardians,https://liquipedia.net/halo/2050_Chattanooga/2016,2016-09-03,2016-09-04,TRUE,7500,United States,"Chattanooga, United States",8,Enigma6 Group,Elite Four,E6,E4,FALSE,TRUE,2021-12-30T14:52:33Z
B,2016,Halo World Championship 2016 - London,Halo 5: Guardians,https://liquipedia.net/halo/Halo_World_Championship/2016/EMEA/London,2016-01-15,2016-01-17,TRUE,14274,United Kingdom,"London, United Kingdom",16,Epsilon eSports,Team Dignitas,Epsi,DIG,FALSE,TRUE,2021-12-30T14:52:33Z
B,2015,Iron Games Daytona 2015,Halo 2: Anniversary,https://liquipedia.net/halo/Iron_Games/Daytona/2015,2015-10-30,2015-11-01,TRUE,10000,United States,"Daytona, United States",8,Daytona,Fatal Ambition,Daytona,FTL,TRUE,TRUE,2021-12-30T14:52:33Z
B,2015,Gamescom Invitational 2015,Halo 5: Guardians,https://liquipedia.net/halo/Gamescom/Invitational_2015,2015-08-07,2015-08-07,FALSE,10927,Germany,"Cologne, Germany",4,Epsilon eSports,Supremacy,Epsi,SY,FALSE,FALSE,2021-12-30T14:52:33Z
B,2015,EGL Battle of Europe,Halo 2: Anniversary,https://liquipedia.net/halo/European_Gaming_League/Battle_of_Europe,2015-02-22,2015-02-22,FALSE,11381,United Kingdom,"London, United Kingdom",4,Team Vibe,TCM Gaming,Vibe,TCM,FALSE,FALSE,2021-12-30T14:52:33Z
B,2015,UGC20K St. Louis,Halo 2: Anniversary,https://liquipedia.net/halo/UGC/St._Louis/2015,2015-01-02,2015-02-04,TRUE,20000,United States,"St. Louis, United States",32,Denial eSports,Counter Logic Gaming,DNL,CLG,FALSE,FALSE,2021-12-30T14:52:33Z
B,2015,Gamers for Giving 2015,Halo 2: Anniversary,https://liquipedia.net/halo/Gamers_for_Giving/2015,2015-01-02,2015-02-04,TRUE,10000,United States,"Michigan, United States",32,Evil Geniuses,Counter Logic Gaming,EG,CLG,FALSE,FALSE,2021-12-30T14:52:33Z
B,2014,Iron Games Columbus 2014,Halo 2: Anniversary,https://liquipedia.net/halo/Iron_Games/Columbus/2014,2014-12-12,2014-12-14,TRUE,15000,United States,"Columbus, United States",32,Counter Logic Gaming,Evil Geniuses,CLG,EG,FALSE,FALSE,2021-12-30T14:52:33Z
B,2014,PAX Prime Showdown 2014,Halo 2: Anniversary,https://liquipedia.net/halo/PAX_Prime_Showdown/2014,2014-08-29,2014-09-01,TRUE,10000,North America,"Seattle, North America",8,EXcellence Gaming,VwS Gaming,EX,VwS,FALSE,FALSE,2021-12-30T14:52:33Z
B,2014,RTX 2014,Halo 4,https://liquipedia.net/halo/RTX/2014,2014-07-04,2014-07-06,TRUE,13500,United States,"Austin, United States",19,Vas' Avi,Nighthawks,V'A,NH,TRUE,TRUE,2021-12-30T14:52:33Z
B,2012,MLG Fall Championship 2012,Halo 4,https://liquipedia.net/halo/MLG/2012/Dallas,2012-11-02,2012-11-04,TRUE,40000,United States,"Dallas, United States",8,Warriors,Ambush,Warriors,Ambush,TRUE,TRUE,2021-12-30T14:52:33Z
B,2011,ECL #3 Loughborough,Halo Reach,https://liquipedia.net/halo/European_Console_League/3,2011-07-30,2011-07-31,TRUE,6155,United Kingdom,"Loughborough, United Kingdom",19,Team Dignitas,LiNK Gaming,DIG,LiNK,TRUE,TRUE,2021-12-30T14:52:33Z
B,2011,ECL #2 Blackpool,Halo Reach,https://liquipedia.net/halo/European_Console_League/2,2011-04-22,2011-04-24,TRUE,4959,United Kingdom,"Blackpool, United Kingdom",24,Fnatic,Power Gaming,Fnatic,Power,FALSE,TRUE,2021-12-30T14:52:33Z
B,2010,ECL #1 Liverpool,Halo 3,https://liquipedia.net/halo/European_Console_League/1,2010-07-30,2010-08-01,TRUE,13513,United Kingdom,"Liverpool, United Kingdom",16,Power Gaming,Fnatic,Power,Fnatic,TRUE,FALSE,2021-12-30T14:52:33Z
C,2022,HCS 2021-22 Mexico Open Series 10,Halo Infinite,https://liquipedia.net/halo/Halo_Championship_Series/2021-22/Split_1/Mexico/Open_Series/10,2022-03-20,2022-03-20,FALSE,1000,Mexico,"Online, Mexico",NA,NA,NA,NA,NA,NA,NA,2021-12-30T14:52:33Z
C,2022,HCS 2021-22 Oceania Open Series 10,Halo Infinite,https://liquipedia.net/halo/Halo_Championship_Series/2021-22/Split_1/Oceania/Open_Series/10,2022-03-20,2022-03-20,FALSE,1000,Oceania,"Online, Oceania",NA,NA,NA,NA,NA,NA,NA,2021-12-30T14:52:33Z
C,2022,HCS 2021-22 North America Open Series 10,Halo Infinite,https://liquipedia.net/halo/Halo_Championship_Series/2021-22/Split_1/North_America/Open_Series/10,2022-03-20,2022-03-20,FALSE,2000,North America,"Online, North America",NA,NA,NA,NA,NA,NA,NA,2021-12-30T14:52:33Z
C,2022,HCS 2021-22 Mexico Open Series 9,Halo Infinite,https://liquipedia.net/halo/Halo_Championship_Series/2021-22/Split_1/Mexico/Open_Series/9,2022-03-13,2022-03-13,FALSE,1000,Mexico,"Online, Mexico",NA,NA,NA,NA,NA,NA,NA,2021-12-30T14:52:33Z
C,2022,HCS 2021-22 Oceania Open Series 9,Halo Infinite,https://liquipedia.net/halo/Halo_Championship_Series/2021-22/Split_1/Oceania/Open_Series/9,2022-03-13,2022-03-13,FALSE,1000,Oceania,"Online, Oceania",NA,NA,NA,NA,NA,NA,NA,2021-12-30T14:52:33Z
C,2022,HCS 2021-22 North America Open Series 9,Halo Infinite,https://liquipedia.net/halo/Halo_Championship_Series/2021-22/Split_1/North_America/Open_Series/9,2022-03-13,2022-03-13,FALSE,2000,North America,"Online, North America",NA,NA,NA,NA,NA,NA,NA,2021-12-30T14:52:33Z
C,2022,HCS 2021-22 Europe Open Series 10,Halo Infinite,https://liquipedia.net/halo/Halo_Championship_Series/2021-22/Split_1/Europe/Open_Series/10,2022-02-27,2022-02-27,FALSE,1500,Europe,"Online, Europe",NA,NA,NA,NA,NA,NA,NA,2021-12-30T14:52:33Z
C,2022,HCS 2021-22 North America Open Series 8,Halo Infinite,https://liquipedia.net/halo/Halo_Championship_Series/2021-22/Split_1/North_America/Open_Series/8,2022-02-27,2022-02-27,FALSE,2000,North America,"Online, North America",NA,NA,NA,NA,NA,NA,NA,2021-12-30T14:52:33Z
C,2022,HCS 2021-22 Europe Open Series 9,Halo Infinite,https://liquipedia.net/halo/Halo_Championship_Series/2021-22/Split_1/Europe/Open_Series/9,2022-02-20,2022-02-20,FALSE,1500,Europe,"Online, Europe",NA,NA,NA,NA,NA,NA,NA,2021-12-30T14:52:33Z
C,2022,HCS 2021-22 North America Open Series 7,Halo Infinite,https://liquipedia.net/halo/Halo_Championship_Series/2021-22/Split_1/North_America/Open_Series/7,2022-02-20,2022-02-20,FALSE,2000,North America,"Online, North America",NA,NA,NA,NA,NA,NA,NA,2021-12-30T14:52:33Z
C,2022,HCS 2021-22 Europe Open Series 8,Halo Infinite,https://liquipedia.net/halo/Halo_Championship_Series/2021-22/Split_1/Europe/Open_Series/8,2022-02-06,2022-02-06,FALSE,1500,Europe,"Online, Europe",NA,NA,NA,NA,NA,NA,NA,2021-12-30T14:52:33Z
C,2022,HCS 2021-22 Mexico Open Series 8,Halo Infinite,https://liquipedia.net/halo/Halo_Championship_Series/2021-22/Split_1/Mexico/Open_Series/8,2022-02-06,2022-02-06,FALSE,1000,Mexico,"Online, Mexico",NA,NA,NA,NA,NA,NA,NA,2021-12-30T14:52:33Z
C,2022,HCS 2021-22 Oceania Open Series 8,Halo Infinite,https://liquipedia.net/halo/Halo_Championship_Series/2021-22/Split_1/Oceania/Open_Series/8,2022-02-06,2022-02-06,FALSE,1000,Oceania,"Online, Oceania",NA,NA,NA,NA,NA,NA,NA,2021-12-30T14:52:33Z
C,2022,HCS 2021-22 Europe Open Series 7,Halo Infinite,https://liquipedia.net/halo/Halo_Championship_Series/2021-22/Split_1/Europe/Open_Series/7,2022-01-30,2022-01-30,FALSE,1500,Europe,"Online, Europe",NA,NA,NA,NA,NA,NA,NA,2021-12-30T14:52:33Z
C,2022,HCS 2021-22 Mexico Open Series 7,Halo Infinite,https://liquipedia.net/halo/Halo_Championship_Series/2021-22/Split_1/Mexico/Open_Series/7,2022-01-30,2022-01-30,FALSE,1000,Mexico,"Online, Mexico",NA,NA,NA,NA,NA,NA,NA,2021-12-30T14:52:33Z
C,2022,HCS 2021-22 Oceania Open Series 7,Halo Infinite,https://liquipedia.net/halo/Halo_Championship_Series/2021-22/Split_1/Oceania/Open_Series/7,2022-01-30,2022-01-30,FALSE,1000,Oceania,"Online, Oceania",NA,NA,NA,NA,NA,NA,NA,2021-12-30T14:52:33Z
C,2022,HCS 2021-22 Europe Open Series 6,Halo Infinite,https://liquipedia.net/halo/Halo_Championship_Series/2021-22/Split_1/Europe/Open_Series/6,2022-01-23,2022-01-23,FALSE,1500,Europe,"Online, Europe",NA,NA,NA,NA,NA,NA,NA,2021-12-30T14:52:33Z
C,2022,HCS 2021-22 Mexico Open Series 6,Halo Infinite,https://liquipedia.net/halo/Halo_Championship_Series/2021-22/Split_1/Mexico/Open_Series/6,2022-01-23,2022-01-23,FALSE,1000,Mexico,"Online, Mexico",NA,NA,NA,NA,NA,NA,NA,2021-12-30T14:52:33Z
C,2022,HCS 2021-22 Oceania Open Series 6,Halo Infinite,https://liquipedia.net/halo/Halo_Championship_Series/2021-22/Split_1/Oceania/Open_Series/6,2022-01-23,2022-01-23,FALSE,1000,Oceania,"Online, Oceania",NA,NA,NA,NA,NA,NA,NA,2021-12-30T14:52:33Z
C,2022,HCS 2021-22 North America Open Series 6,Halo Infinite,https://liquipedia.net/halo/Halo_Championship_Series/2021-22/Split_1/North_America/Open_Series/6,2022-01-23,2022-01-23,FALSE,2000,North America,"Online, North America",NA,NA,NA,NA,NA,NA,NA,2021-12-30T14:52:33Z
C,2022,HCS 2021-22 Europe Open Series 5,Halo Infinite,https://liquipedia.net/halo/Halo_Championship_Series/2021-22/Split_1/Europe/Open_Series/5,2022-01-16,2022-01-16,FALSE,1500,Europe,"Online, Europe",NA,NA,NA,NA,NA,NA,NA,2021-12-30T14:52:33Z
C,2022,HCS 2021-22 Mexico Open Series 5,Halo Infinite,https://liquipedia.net/halo/Halo_Championship_Series/2021-22/Split_1/Mexico/Open_Series/5,2022-01-16,2022-01-16,FALSE,1000,Mexico,"Online, Mexico",NA,NA,NA,NA,NA,NA,NA,2021-12-30T14:52:33Z
C,2022,HCS 2021-22 Oceania Open Series 5,Halo Infinite,https://liquipedia.net/halo/Halo_Championship_Series/2021-22/Split_1/Oceania/Open_Series/5,2022-01-16,2022-01-16,FALSE,1000,Oceania,"Online, Oceania",NA,NA,NA,NA,NA,NA,NA,2021-12-30T14:52:33Z
C,2022,HCS 2021-22 North America Open Series 5,Halo Infinite,https://liquipedia.net/halo/Halo_Championship_Series/2021-22/Split_1/North_America/Open_Series/5,2022-01-16,2022-01-16,FALSE,2000,North America,"Online, North America",NA,NA,NA,NA,NA,NA,NA,2021-12-30T14:52:33Z
C,2022,HCS 2021-22 Europe Open Series 4,Halo Infinite,https://liquipedia.net/halo/Halo_Championship_Series/2021-22/Split_1/Europe/Open_Series/4,2022-01-09,2022-01-09,FALSE,1500,Europe,"Online, Europe",NA,NA,NA,NA,NA,NA,NA,2021-12-30T14:52:33Z
C,2022,HCS 2021-22 Mexico Open Series 4,Halo Infinite,https://liquipedia.net/halo/Halo_Championship_Series/2021-22/Split_1/Mexico/Open_Series/4,2022-01-09,2022-01-09,FALSE,1000,Mexico,"Online, Mexico",NA,NA,NA,NA,NA,NA,NA,2021-12-30T14:52:33Z
C,2022,HCS 2021-22 Oceania Open Series 4,Halo Infinite,https://liquipedia.net/halo/Halo_Championship_Series/2021-22/Split_1/Oceania/Open_Series/4,2022-01-09,2022-01-09,FALSE,1000,Oceania,"Online, Oceania",NA,NA,NA,NA,NA,NA,NA,2021-12-30T14:52:33Z
C,2022,HCS 2021-22 North America Open Series 4,Halo Infinite,https://liquipedia.net/halo/Halo_Championship_Series/2021-22/Split_1/North_America/Open_Series/4,2022-01-09,2022-01-09,FALSE,2000,North America,"Online, North America",NA,NA,NA,NA,NA,NA,NA,2021-12-30T14:52:33Z
C,2022,HCS 2021-22 Europe Open Series 3,Halo Infinite,https://liquipedia.net/halo/Halo_Championship_Series/2021-22/Split_1/Europe/Open_Series/3,2022-01-02,2022-01-02,FALSE,1500,Europe,"Online, Europe",NA,NA,NA,NA,NA,NA,NA,2021-12-30T14:52:33Z
C,2022,HCS 2021-22 Mexico Open Series 3,Halo Infinite,https://liquipedia.net/halo/Halo_Championship_Series/2021-22/Split_1/Mexico/Open_Series/3,2022-01-02,2022-01-02,FALSE,1000,Mexico,"Online, Mexico",NA,NA,NA,NA,NA,NA,NA,2021-12-30T14:52:33Z
C,2022,HCS 2021-22 Oceania Open Series 3,Halo Infinite,https://liquipedia.net/halo/Halo_Championship_Series/2021-22/Split_1/Oceania/Open_Series/3,2022-01-02,2022-01-02,FALSE,1000,Oceania,"Online, Oceania",NA,NA,NA,NA,NA,NA,NA,2021-12-30T14:52:33Z
C,2022,HCS 2021-22 North America Open Series 3,Halo Infinite,https://liquipedia.net/halo/Halo_Championship_Series/2021-22/Split_1/North_America/Open_Series/3,2022-01-02,2022-01-02,FALSE,2000,North America,"Online, North America",NA,NA,NA,NA,NA,NA,NA,2021-12-30T14:52:33Z
C,2021,College Halo Spring Kickoff,Halo Infinite,https://liquipedia.net/halo/College_Halo/Spring_Kickoff,2021-12-27,2021-12-29,TRUE,500,North America,"Online, North America",20,University of North America,Arizona State University Maroon,UoNA,ASU.M,TRUE,TRUE,2021-12-30T14:52:33Z
C,2021,ACGL - Cash Cup #2,Halo Infinite,https://liquipedia.net/halo/ACGL/Cash_Cup_2,2021-12-19,2021-12-19,FALSE,125,South Africa,"Online, South Africa",4,Kamikaze Ninjas,ViNCO Gaming,KN,ViNCO,TRUE,FALSE,2021-12-30T14:52:33Z
C,2021,ACGL - Cash Cup #1,Halo Infinite,https://liquipedia.net/halo/ACGL/Cash_Cup_1,2021-12-12,2021-12-12,FALSE,125,South Africa,"Online, South Africa",8,Kamikaze Ninjas,Ethereal,KN,ETH,TRUE,TRUE,2021-12-30T14:52:33Z
C,2021,Road to Raleigh 2K,Halo Infinite,https://liquipedia.net/halo/Antimatter/Road_to_Raleigh_2k,2021-12-12,2021-12-12,FALSE,2029,North America,"Online, North America",74,G2 Esports,Solaris,G2,SOL,FALSE,FALSE,2021-12-30T14:52:33Z
C,2021,Game Pass Open Series 2021,Halo Infinite,https://liquipedia.net/halo/Game_Pass_Open_Series/2021,2021-12-11,2021-12-12,TRUE,4000,North America,"Online, North America",128,FootFungas792,YACHT CLUB,FF792,YC,TRUE,TRUE,2021-12-30T14:52:33Z
C,2021,College Halo Kickoff,Halo Infinite,https://liquipedia.net/halo/College_Halo/Kickoff,2021-12-10,2021-12-11,TRUE,500,North America,"Online, North America",32,Ryerson University,University of North America,RYE,UoNA,TRUE,TRUE,2021-12-30T14:52:33Z
C,2021,Esports Zone - Kansas City,Halo Infinite,https://liquipedia.net/halo/Esports_Zone/Kansas_City,2021-12-05,2021-12-05,FALSE,1000,United States,"Kansas City, United States",NA,Pioneers,PoBO Esports,KCP,PoBO,FALSE,TRUE,2021-12-30T14:52:33Z
C,2021,Philly Esports - Holiday Bash 2021,Halo Infinite,https://liquipedia.net/halo/Philly_Esports/Holiday_Bash_2021,2021-12-04,2021-12-04,FALSE,5000,United States,"Online, United States",32,Pioneers,5K team,KCP,5K,FALSE,TRUE,2021-12-30T14:52:33Z
C,2021,Halo Championship Series 2021: Kickoff Major - Europe Qualifier,Halo Infinite,https://liquipedia.net/halo/Halo_Championship_Series/2021/Kickoff_Major/Europe,2021-12-01,2021-12-02,TRUE,1500,Europe,"Online, Europe",68,Cartel,OEX,Cartel,OEX,TRUE,TRUE,2021-12-30T14:52:33Z
C,2021,Halo Championship Series 2021: Kickoff Major - Mexico Qualifier,Halo Infinite,https://liquipedia.net/halo/Halo_Championship_Series/2021/Kickoff_Major/Mexico,2021-12-01,2021-12-02,TRUE,1000,Mexico,"Online, Mexico",69,Pittsburgh Knights,Fire N Ice Esports,PK,FNI,FALSE,FALSE,2021-12-30T14:52:33Z
C,2021,Halo Championship Series 2021: Kickoff Major - Oceania Qualifier,Halo Infinite,https://liquipedia.net/halo/Halo_Championship_Series/2021/Kickoff_Major/Oceania,2021-12-01,2021-12-02,TRUE,1000,Oceania,"Online, Oceania",43,NutriBullet,Dire Wolves,NTB,DW,TRUE,FALSE,2021-12-30T14:52:33Z
C,2021,Halo Championship Series 2021: Kickoff Major - North America Qualifier,Halo Infinite,https://liquipedia.net/halo/Halo_Championship_Series/2021/Kickoff_Major/North_America,2021-12-01,2021-12-02,TRUE,2000,North America,"Online, North America",330,Sentinels,OpTic Gaming,SEN,OpTic,FALSE,FALSE,2021-12-30T14:52:33Z
C,2021,HCS 2021-22 Europe Open Series 2,Halo Infinite,https://liquipedia.net/halo/Halo_Championship_Series/2021-22/Split_1/Europe/Open_Series/2,2021-11-27,2021-11-28,TRUE,1500,Europe,"Online, Europe",128,Cartel,OEX,Cartel,OEX,TRUE,TRUE,2021-12-30T14:52:33Z
C,2021,HCS 2021-22 Mexico Open Series 2,Halo Infinite,https://liquipedia.net/halo/Halo_Championship_Series/2021-22/Split_1/Mexico/Open_Series/2,2021-11-27,2021-11-28,TRUE,1000,Mexico,"Online, Mexico",102,Pittsburgh Knights,LeaveNoWitness,PK,LNW,FALSE,FALSE,2021-12-30T14:52:33Z
C,2021,HCS 2021-22 Oceania Open Series 2,Halo Infinite,https://liquipedia.net/halo/Halo_Championship_Series/2021-22/Split_1/Oceania/Open_Series/2,2021-11-27,2021-11-28,TRUE,1000,Oceania,"Online, Oceania",51,NutriBullet,Divine Mind,NTB,DM,TRUE,FALSE,2021-12-30T14:52:33Z
C,2021,HCS 2021-22 North America Open Series 2,Halo Infinite,https://liquipedia.net/halo/Halo_Championship_Series/2021-22/Split_1/North_America/Open_Series/2,2021-11-27,2021-11-28,TRUE,2000,North America,"Online, North America",512,OpTic Gaming,Cloud9,OpTic,C9,FALSE,FALSE,2021-12-30T14:52:33Z
C,2021,HCS 2021-22 Europe Open Series 1,Halo Infinite,https://liquipedia.net/halo/Halo_Championship_Series/2021-22/Split_1/Europe/Open_Series/1,2021-11-20,2021-11-21,TRUE,1500,Europe,"Online, Europe",93,Cartel,OEX,Cartel,OEX,TRUE,TRUE,2021-12-30T14:52:33Z
C,2021,HCS 2021-22 Mexico Open Series 1,Halo Infinite,https://liquipedia.net/halo/Halo_Championship_Series/2021-22/Split_1/Mexico/Open_Series/1,2021-11-20,2021-11-21,TRUE,1000,Mexico,"Online, Mexico",62,Pittsburgh Knights,Fire N Ice Esports,PK,FNI,FALSE,FALSE,2021-12-30T14:52:33Z
C,2021,HCS 2021-22 Oceania Open Series 1,Halo Infinite,https://liquipedia.net/halo/Halo_Championship_Series/2021-22/Split_1/Oceania/Open_Series/1,2021-11-20,2021-11-21,TRUE,1000,Oceania,"Online, Oceania",37,NutriBullet,Divine Mind,NTB,DM,TRUE,FALSE,2021-12-30T14:52:33Z
C,2021,HCS 2021-22 North America Open Series 1,Halo Infinite,https://liquipedia.net/halo/Halo_Championship_Series/2021-22/Split_1/North_America/Open_Series/1,2021-11-20,2021-11-21,TRUE,2000,North America,"Online, North America",406,OpTic Gaming,Cloud9,OpTic,C9,FALSE,FALSE,2021-12-30T14:52:33Z
C,2021,Twitch Rivals: Throwback with Ninja - BTB,Halo 2,https://liquipedia.net/halo/Twitch_Rivals/Throwback_with_Ninja/BTB,2021-08-19,2021-08-19,FALSE,6000,North America,"Online, North America",2,Team Blue,Team Red,Blue,Red,TRUE,TRUE,2021-12-30T14:52:33Z
C,2021,Team Envy 2v2 Invitational,Halo 5: Guardians,https://liquipedia.net/halo/Team_Envy/2v2_Invitational/2021,2021-05-29,2021-05-29,FALSE,4000,United States,"Online, United States",4,Cloud9,Team Envy,C9,Envy,FALSE,FALSE,2021-12-30T14:52:33Z
C,2021,EGL Master Chief Cup #1,Halo Infinite,https://liquipedia.net/halo/EGL/Master_Chief_Cup/1,2021-11-26,2021-12-30,TRUE,224,Europe,"Online, Europe",NA,XEO,MaxiSaucisse,XEO,MaxiSaucisse,TRUE,TRUE,2021-12-30T14:52:33Z
C,2021,EGL Master Chief Cup #2,Halo Infinite,https://liquipedia.net/halo/EGL/Master_Chief_Cup/2,2021-12-03,2021-12-30,TRUE,224,Europe,"Online, Europe",33,Mock-It Esports,MaxiSaucisse,Mock-It,MaxiSaucisse,FALSE,TRUE,2021-12-30T14:52:33Z
C,2019,Halo Australia: Logan City 2019,Halo 3,https://liquipedia.net/halo/Halo_Australia/Logan_City/2019,2019-04-27,2019-04-28,TRUE,986,Australia,"Brisbane, Australia",8,SKE,Authority,SKE,Authority,TRUE,TRUE,2021-12-30T14:52:33Z
C,2018,EGLX 2018,Halo 5: Guardians,https://liquipedia.net/halo/EGLX/2018,2018-03-10,2018-03-11,TRUE,7805,Canada,"Mississauga, Canada",8,H6 Hurry,Chicken Tendies,H6,CT,TRUE,TRUE,2021-12-30T14:52:33Z
C,2017,HCS Open Circuit NA 2017 Fall: Legendary Cup 4,Halo 5: Guardians,https://liquipedia.net/halo/Halo_Championship_Series/Open_Circuit/2017/North_America/Fall/Cup_4,2017-10-15,2017-10-15,FALSE,5000,North America,"Online, North America",16,Str8 Rippin,ERa Eternity,Str8,eRa,FALSE,FALSE,2021-12-30T14:52:33Z
C,2017,HCS Open Circuit NA 2017 Fall: Legendary Cup 3,Halo 5: Guardians,https://liquipedia.net/halo/Halo_Championship_Series/Open_Circuit/2017/North_America/Fall/Cup_3,2017-10-08,2017-10-08,FALSE,3000,North America,"Online, North America",16,Str8 Rippin,ERa Eternity,Str8,eRa,FALSE,FALSE,2021-12-30T14:52:33Z
C,2017,HCS Open Circuit NA 2017 Fall: Legendary Cup 2,Halo 5: Guardians,https://liquipedia.net/halo/Halo_Championship_Series/Open_Circuit/2017/North_America/Fall/Cup_2,2017-10-01,2017-10-01,FALSE,3000,North America,"Online, North America",16,Team VT,Str8 Rippin,VT,Str8,TRUE,FALSE,2021-12-30T14:52:33Z
C,2017,HCS Open Circuit EU 2017 Fall: Cup 3,Halo 5: Guardians,https://liquipedia.net/halo/Halo_Championship_Series/Open_Circuit/2017/Europe/Fall/Cup_3,2017-09-10,2017-09-10,FALSE,1800,Europe,"Online, Europe",16,Team Infused,Vexed Gaming,INF,Vexed,FALSE,FALSE,2021-12-30T14:52:33Z
C,2017,HCS Open Circuit NA 2017 Fall: Legendary Cup 1,Halo 5: Guardians,https://liquipedia.net/halo/Halo_Championship_Series/Open_Circuit/2017/North_America/Fall/Cup_1,2017-09-10,2017-09-10,FALSE,2000,North America,"Online, North America",16,Str8 Rippin,French Toast Mafia,Str8,FTM,FALSE,TRUE,2021-12-30T14:52:33Z
C,2017,HCS Open Circuit EU 2017 Fall: Cup 2,Halo 5: Guardians,https://liquipedia.net/halo/Halo_Championship_Series/Open_Circuit/2017/Europe/Fall/Cup_2,2017-09-03,2017-09-03,FALSE,1800,Europe,"Online, Europe",16,ExceL eSports,Team Infused,xL,INF,FALSE,FALSE,2021-12-30T14:52:33Z
C,2017,HCS Open Circuit EU 2017 Fall: Cup 1,Halo 5: Guardians,https://liquipedia.net/halo/Halo_Championship_Series/Open_Circuit/2017/Europe/Fall/Cup_1,2017-08-27,2017-08-27,FALSE,1800,Europe,"Online, Europe",16,ExceL eSports,Team Infused,xL,INF,FALSE,FALSE,2021-12-30T14:52:33Z
C,2017,HCS Open Circuit NA 2017 Summer: Legendary Cup 4,Halo 5: Guardians,https://liquipedia.net/halo/Halo_Championship_Series/Open_Circuit/2017/North_America/Summer/Cup_4,2017-07-09,2017-07-09,FALSE,5000,North America,"Online, North America",16,Oxygen Supremacy,Wise Gaming,O2,Wise,FALSE,FALSE,2021-12-30T14:52:33Z
C,2017,HCS Open Circuit NA 2017 Summer: Legendary Cup 2,Halo 5: Guardians,https://liquipedia.net/halo/Halo_Championship_Series/Open_Circuit/2017/North_America/Summer/Cup_2,2017-06-04,2017-06-04,FALSE,2000,North America,"Online, North America",16,Oxygen Supremacy,ABCDE,O2,ABCDE,FALSE,TRUE,2021-12-30T14:52:33Z
C,2017,HCS Open Circuit NA 2017 Summer: Legendary Cup 1,Halo 5: Guardians,https://liquipedia.net/halo/Halo_Championship_Series/Open_Circuit/2017/North_America/Summer/Cup_1,2017-05-28,2017-05-28,FALSE,2000,North America,"Online, North America",16,Oxygen Supremacy,Wise Gaming,O2,Wise,FALSE,FALSE,2021-12-30T14:52:33Z
C,2016,HCS Open Circuit NA 2016 Fall: Finals,Halo 5: Guardians,https://liquipedia.net/halo/Halo_Championship_Series/Open_Circuit/2016/North_America/Fall,2016-11-19,2016-11-20,TRUE,NA,United States,"Las Vegas, United States",16,3sUP Enterprises,6S Gaming,3sUP,6S,FALSE,TRUE,2021-12-30T14:52:33Z
C,2016,HCS Open Circuit NA 2016 Fall: Legendary Cup 7,Halo 5: Guardians,https://liquipedia.net/halo/Halo_Championship_Series/Open_Circuit/2016/North_America/Fall/Cup_7,2016-11-06,2016-11-06,FALSE,1000,North America,"Online, North America",16,Contagious,GameTyrant,Contagious,GT,TRUE,TRUE,2021-12-30T14:52:33Z
C,2016,HCS Open Circuit NA 2016 Fall: Legendary Cup 6,Halo 5: Guardians,https://liquipedia.net/halo/Halo_Championship_Series/Open_Circuit/2016/North_America/Fall/Cup_6,2016-10-30,2016-10-30,FALSE,1000,North America,"Online, North America",16,GameTyrant,Contagious,GT,Contagious,TRUE,TRUE,2021-12-30T14:52:33Z
C,2016,HCS Open Circuit NA 2016 Fall: Legendary Cup 4,Halo 5: Guardians,https://liquipedia.net/halo/Halo_Championship_Series/Open_Circuit/2016/North_America/Fall/Cup_4,2016-10-16,2016-10-16,FALSE,1000,North America,"Online, North America",16,3sUP Enterprises,Most Wanted,3sUP,MW,FALSE,TRUE,2021-12-30T14:52:33Z
C,2016,HCS Open Circuit EU 2016 Fall: Legendary Cup 3,Halo 5: Guardians,https://liquipedia.net/halo/Halo_Championship_Series/Open_Circuit/2016/Europe/Fall/Cup_3,2016-10-09,2016-10-09,FALSE,1000,Europe,"Online, Europe",16,MDR 2,The Unwanted,MDR 2,UW,TRUE,TRUE,2021-12-30T14:52:33Z
C,2016,HCS Open Circuit EU 2016 Fall: Legendary Cup 2,Halo 5: Guardians,https://liquipedia.net/halo/Halo_Championship_Series/Open_Circuit/2016/Europe/Fall/Cup_2,2016-10-03,2016-10-03,FALSE,1000,Europe,"Online, Europe",16,The Unwanted,MDR 2,UW,MDR 2,TRUE,TRUE,2021-12-30T14:52:33Z
C,2016,HCS Open Circuit NA 2016 Fall: Legendary Cup 3,Halo 5: Guardians,https://liquipedia.net/halo/Halo_Championship_Series/Open_Circuit/2016/North_America/Fall/Cup_3,2016-10-02,2016-10-02,FALSE,1000,North America,"Online, North America",16,TCSS,3sUP Enterprises,TCSS,3sUP,TRUE,FALSE,2021-12-30T14:52:33Z
C,2016,HCS Open Circuit NA 2016 Fall: Legendary Cup 2,Halo 5: Guardians,https://liquipedia.net/halo/Halo_Championship_Series/Open_Circuit/2016/North_America/Fall/Cup_2,2016-09-25,2016-09-25,FALSE,1000,North America,"Online, North America",16,3sUP Enterprises,Elite Four,3sUP,E4,FALSE,TRUE,2021-12-30T14:52:33Z
C,2016,HCS Open Circuit EU 2016 Fall: Legendary Cup 1,Halo 5: Guardians,https://liquipedia.net/halo/Halo_Championship_Series/Open_Circuit/2016/Europe/Fall/Cup_1,2016-09-11,2016-09-11,FALSE,1000,Europe,"Online, Europe",16,The Unwanted,MDR 2,UW,MDR 2,TRUE,TRUE,2021-12-30T14:52:33Z
C,2016,EGE - 2016,Halo 5: Guardians,https://liquipedia.net/halo/EGE/2016,2016-07-16,2016-07-30,TRUE,1840,South Africa,"Cape Town, South Africa",10,ViNCO Gaming,Ventus,ViNCO,Ventus,FALSE,TRUE,2021-12-30T14:52:33Z
C,2016,HCS Open Circuit EU 2016 Summer: Finals,Halo 5: Guardians,https://liquipedia.net/halo/Halo_Championship_Series/Open_Circuit/2016/Europe/Summer,2016-07-10,2016-07-10,FALSE,NA,Europe,"Online, Europe",16,NTSC,We Know The Secret,NTSC,Secret,TRUE,TRUE,2021-12-30T14:52:33Z
C,2016,HCS Open Circuit NA 2016 Summer: Legendary Cup 5,Halo 5: Guardians,https://liquipedia.net/halo/Halo_Championship_Series/Open_Circuit/2016/North_America/Summer/Cup_5,2016-07-03,2016-07-03,FALSE,1000,North America,"Online, North America",16,ELevate,Denial eSports,eLv,DNL,FALSE,FALSE,2021-12-30T14:52:33Z
C,2016,HCS Open Circuit EU 2016 Summer: Legendary Cup 5,Halo 5: Guardians,https://liquipedia.net/halo/Halo_Championship_Series/Open_Circuit/2016/Europe/Summer/Cup_5,2016-07-03,2016-07-03,FALSE,1000,Europe,"Online, Europe",16,NTSC,The Meme Team,NTSC,TMT,TRUE,TRUE,2021-12-30T14:52:33Z
C,2016,HCS Open Circuit NA 2016 Summer: Legendary Cup 4,Halo 5: Guardians,https://liquipedia.net/halo/Halo_Championship_Series/Open_Circuit/2016/North_America/Summer/Cup_4,2016-06-26,2016-06-26,FALSE,1000,North America,"Online, North America",16,French Toast Mafia,ELevate,FTM,eLv,TRUE,FALSE,2021-12-30T14:52:33Z
C,2016,HCS Open Circuit EU 2016 Summer: Legendary Cup 4,Halo 5: Guardians,https://liquipedia.net/halo/Halo_Championship_Series/Open_Circuit/2016/Europe/Summer/Cup_4,2016-06-26,2016-06-26,FALSE,1000,Europe,"Online, Europe",16,NTSC,We Know The Secret,NTSC,Secret,TRUE,TRUE,2021-12-30T14:52:33Z
C,2016,HCS Open Circuit NA 2016 Summer: Legendary Cup 3,Halo 5: Guardians,https://liquipedia.net/halo/Halo_Championship_Series/Open_Circuit/2016/North_America/Summer/Cup_3,2016-06-19,2016-06-19,FALSE,1000,North America,"Online, North America",16,French Toast Mafia,ELevate,FTM,eLv,TRUE,FALSE,2021-12-30T14:52:33Z
C,2016,HCS Open Circuit EU 2016 Summer: Legendary Cup 3,Halo 5: Guardians,https://liquipedia.net/halo/Halo_Championship_Series/Open_Circuit/2016/Europe/Summer/Cup_3,2016-06-19,2016-06-19,FALSE,1000,Europe,"Online, Europe",16,We Know The Secret,The Meme Team,Secret,TMT,TRUE,TRUE,2021-12-30T14:52:33Z
C,2016,HCS Open Circuit NA 2016 Summer: Legendary Cup 2,Halo 5: Guardians,https://liquipedia.net/halo/Halo_Championship_Series/Open_Circuit/2016/North_America/Summer/Cup_2,2016-06-12,2016-06-12,FALSE,1000,North America,"Online, North America",16,French Toast Mafia,OnlyGoodOnline,FTM,Online,TRUE,TRUE,2021-12-30T14:52:33Z
C,2016,HCS Open Circuit EU 2016 Summer: Legendary Cup 2,Halo 5: Guardians,https://liquipedia.net/halo/Halo_Championship_Series/Open_Circuit/2016/Europe/Summer/Cup_2,2016-06-12,2016-06-12,FALSE,1000,Europe,"Online, Europe",16,We Know The Secret,The Meme Team,Secret,TMT,TRUE,TRUE,2021-12-30T14:52:33Z
C,2016,HCS Open Circuit NA 2016 Summer: Legendary Cup 1,Halo 5: Guardians,https://liquipedia.net/halo/Halo_Championship_Series/Open_Circuit/2016/North_America/Summer/Cup_1,2016-06-05,2016-06-05,FALSE,1000,North America,"Online, North America",16,ELevate,Catastrophe,eLv,Catastrophe,FALSE,TRUE,2021-12-30T14:52:33Z
C,2016,HCS Open Circuit EU 2016 Summer: Legendary Cup 1,Halo 5: Guardians,https://liquipedia.net/halo/Halo_Championship_Series/Open_Circuit/2016/Europe/Summer/Cup_1,2016-06-05,2016-06-05,FALSE,1000,Europe,"Online, Europe",16,We Know The Secret,NTSC,Secret,NTSC,TRUE,TRUE,2021-12-30T14:52:33Z
C,2016,AvT Auckland 2016,Halo 5: Guardians,https://liquipedia.net/halo/AvT_Auckland/2016,2016-01-30,2016-01-31,TRUE,2827,New Zealand,"Auckland, New Zealand",8,Team Exile5,Team Reign,x5,TR,FALSE,TRUE,2021-12-30T14:52:33Z
C,2015,Halo Championship Series Season 2: Legendary Cup 7,Halo 2: Anniversary,https://liquipedia.net/halo/Halo_Championship_Series/Season_2/Cup_7,2015-06-21,2015-06-21,FALSE,3400,North America,"Online, North America",16,Evil Geniuses,Winterfox,EG,WFX,FALSE,FALSE,2021-12-30T14:52:33Z
C,2015,Halo Championship Series Season 2: Legendary Cup 4,Halo 2: Anniversary,https://liquipedia.net/halo/Halo_Championship_Series/Season_2/Cup_4,2015-05-31,2015-05-31,FALSE,3400,North America,"Online, North America",16,Evil Geniuses,Denial eSports,EG,DNL,FALSE,FALSE,2021-12-30T14:52:33Z
C,2015,Halo Championship Series Season 2: Legendary Cup 3,Halo 2: Anniversary,https://liquipedia.net/halo/Halo_Championship_Series/Season_2/Cup_3,2015-05-24,2015-05-24,FALSE,3400,North America,"Online, North America",16,Evil Geniuses,Denial eSports,EG,DNL,FALSE,FALSE,2021-12-30T14:52:33Z
C,2015,Halo Championship Series Season 2: Legendary Cup 2,Halo 2: Anniversary,https://liquipedia.net/halo/Halo_Championship_Series/Season_2/Cup_2,2015-05-17,2015-05-17,FALSE,3400,North America,"Online, North America",16,Evil Geniuses,Denial eSports,EG,DNL,FALSE,FALSE,2021-12-30T14:52:33Z
C,2015,Halo Championship Series Season 1: Cup 7,Halo 2: Anniversary,https://liquipedia.net/halo/Halo_Championship_Series/Season_1/Cup_7,2015-02-15,2015-02-15,FALSE,1000,North America,"Online, North America",64,Evil Geniuses,OpTic Gaming,EG,OpTic,FALSE,FALSE,2021-12-30T14:52:33Z
C,2015,Halo Championship Series Season 1: Cup 6,Halo 2: Anniversary,https://liquipedia.net/halo/Halo_Championship_Series/Season_1/Cup_6,2015-02-08,2015-02-08,FALSE,1000,North America,"Online, North America",64,Evil Geniuses,OpTic Gaming,EG,OpTic,FALSE,FALSE,2021-12-30T14:52:33Z
C,2015,Halo Championship Series Season 1: Cup 5,Halo 2: Anniversary,https://liquipedia.net/halo/Halo_Championship_Series/Season_1/Cup_5,2015-02-01,2015-02-01,FALSE,1000,North America,"Online, North America",40,Denial eSports,Noble Black,DNL,NBL Black,FALSE,TRUE,2021-12-30T14:52:33Z
C,2015,Halo Championship Series Season 1: Cup 4,Halo 2: Anniversary,https://liquipedia.net/halo/Halo_Championship_Series/Season_1/Cup_4,2015-01-25,2015-01-25,FALSE,1000,North America,"Online, North America",104,Denial eSports,Cloud9,DNL,C9,FALSE,FALSE,2021-12-30T14:52:33Z
C,2015,Halo Championship Series Season 1: Cup 3,Halo 2: Anniversary,https://liquipedia.net/halo/Halo_Championship_Series/Season_1/Cup_3,2015-01-11,2015-01-11,FALSE,1000,North America,"Online, North America",138,Counter Logic Gaming,Denial eSports,CLG,DNL,FALSE,FALSE,2021-12-30T14:52:33Z
C,2014,Halo Championship Series Season 1: Cup 2,Halo 2: Anniversary,https://liquipedia.net/halo/Halo_Championship_Series/Season_1/Cup_2,2014-12-21,2014-12-21,FALSE,1000,North America,"Online, North America",136,Cloud9,Str8 Rippin,C9,Str8,FALSE,FALSE,2021-12-30T14:52:33Z
C,2014,Halo Championship Series Season 1: Cup 1,Halo 2: Anniversary,https://liquipedia.net/halo/Halo_Championship_Series/Season_1/Cup_1,2014-12-07,2014-12-07,FALSE,1000,North America,"Online, North America",172,Evil Geniuses,Believe The Hype,EG,BTH,FALSE,TRUE,2021-12-30T14:52:33Z
